{
    "metrics": {
        "relay_poll_ms": {
            "max": 12107,
            "p(90)": 11822.9,
            "p(95)": 11881.8,
            "avg": 5736.134955752213,
            "min": 35,
            "med": 101
        },
        "vus_max": {
            "min": 20,
            "max": 20,
            "value": 20
        },
        "http_req_tls_handshaking": {
            "avg": 0,
            "min": 0,
            "med": 0,
            "max": 0,
            "p(90)": 0,
            "p(95)": 0
        },
        "checks": {
            "passes": 232,
            "fails": 220,
            "value": 0.5132743362831859
        },
        "http_reqs": {
            "rate": 37.94197015853582,
            "count": 10181
        },
        "http_req_sending": {
            "p(90)": 0.053701,
            "p(95)": 0.059622,
            "avg": 0.03613338110205281,
            "min": 0.004886,
            "med": 0.032888,
            "max": 2.318936
        },
        "http_req_waiting": {
            "p(95)": 61.161276,
            "avg": 44.00340032541001,
            "min": 30.161751,
            "med": 40.261506,
            "max": 628.427891,
            "p(90)": 50.058385
        },
        "http_req_duration{expected_response:true}": {
            "p(95)": 61.332655,
            "avg": 44.16091274825645,
            "min": 30.407786,
            "med": 40.397861,
            "max": 628.634417,
            "p(90)": 50.22988
        },
        "data_received": {
            "count": 4792095,
            "rate": 17858.90634386295
        },
        "relay_success": {
            "count": 232,
            "rate": 0.8646043686062577
        },
        "relay_total_ms": {
            "p(90)": 11879.2,
            "p(95)": 11938.9,
            "avg": 5786.387168141593,
            "min": 72,
            "med": 285,
            "max": 12213,
            "thresholds": {
                "p(95)<10000": true
            }
        },
        "http_req_connecting": {
            "avg": 0.07085424575189078,
            "min": 0,
            "med": 0,
            "max": 43.647213,
            "p(90)": 0,
            "p(95)": 0
        },
        "iteration_duration": {
            "med": 52093.475814,
            "max": 55336.813085,
            "p(90)": 52646.394641599996,
            "p(95)": 52809.181486400004,
            "avg": 52223.519595938764,
            "min": 51479.527273
        },
        "group_duration": {
            "avg": 5839.005451141595,
            "min": 117.935883,
            "med": 360.909485,
            "max": 12432.29295,
            "p(90)": 11930.3578578,
            "p(95)": 11995.691052549999
        },
        "http_req_failed": {
            "passes": 0,
            "fails": 10181,
            "thresholds": {
                "rate<0.15": false
            },
            "value": 0
        },
        "iterations": {
            "count": 49,
            "rate": 0.18261040543839063
        },
        "vus": {
            "max": 20,
            "value": 1,
            "min": 1
        },
        "relay_failure": {
            "count": 220,
            "rate": 0.8198834529886926
        },
        "http_req_blocked": {
            "avg": 0.08262285708673005,
            "min": 0.00155,
            "med": 0.010073,
            "max": 43.764528,
            "p(90)": 0.018294,
            "p(95)": 0.01969
        },
        "relay_post_ms": {
            "p(95)": 85,
            "avg": 50.095444685466376,
            "min": 36,
            "med": 45,
            "max": 322,
            "p(90)": 68
        },
        "data_sent": {
            "count": 3304306,
            "rate": 12314.29915005116
        },
        "http_req_duration": {
            "avg": 44.16091274825645,
            "min": 30.407786,
            "med": 40.397861,
            "max": 628.634417,
            "p(90)": 50.22988,
            "p(95)": 61.332655
        },
        "http_req_receiving": {
            "max": 10.115648,
            "p(90)": 0.188518,
            "p(95)": 0.214439,
            "avg": 0.1213790417444262,
            "min": 0.013928,
            "med": 0.103863
        }
    },
    "setup_data": {},
    "root_group": {
            "groups": {
                "relay_Calculator": {
                    "groups": {},
                    "checks": {
                            "Calculator relay ok": {
                                "passes": 58,
                                "fails": 0,
                                "name": "Calculator relay ok",
                                "path": "::relay_Calculator::Calculator relay ok",
                                "id": "0f42443778d6525f08544e9da519a1bb"
                            }
                        },
                    "name": "relay_Calculator",
                    "path": "::relay_Calculator",
                    "id": "b15cd39a80d15b7ac5e8d41fe8bed8e1"
                },
                "relay_Analytics": {
                    "groups": {},
                    "checks": {
                            "Analytics relay ok": {
                                "name": "Analytics relay ok",
                                "path": "::relay_Analytics::Analytics relay ok",
                                "id": "b6e625cb0ee9bdce1473e69b610372f8",
                                "passes": 0,
                                "fails": 58
                            }
                        },
                    "name": "relay_Analytics",
                    "path": "::relay_Analytics",
                    "id": "3f6e5c7330df17be5df28046122eaaf1"
                },
                "relay_Advanced": {
                    "path": "::relay_Advanced",
                    "id": "d2f8470bb6a73030e8afe1e5c458431b",
                    "groups": {},
                    "checks": {
                            "Advanced relay ok": {
                                "name": "Advanced relay ok",
                                "path": "::relay_Advanced::Advanced relay ok",
                                "id": "d6b88e362e0a8d9e535bd73ae67a4fec",
                                "passes": 58,
                                "fails": 0
                            }
                        },
                    "name": "relay_Advanced"
                },
                "relay_DataExchange": {
                    "groups": {},
                    "checks": {
                            "DataExchange relay ok": {
                                "fails": 0,
                                "name": "DataExchange relay ok",
                                "path": "::relay_DataExchange::DataExchange relay ok",
                                "id": "84786cb0d2c8b60407a679cd1f3a2585",
                                "passes": 58
                            }
                        },
                    "name": "relay_DataExchange",
                    "path": "::relay_DataExchange",
                    "id": "2afc7dda5c4f3829b5f74104b74a6aae"
                },
                "relay_MonteCarlo": {
                    "groups": {},
                    "checks": {
                            "MonteCarlo relay ok": {
                                "id": "e47cf37d138bb3bcfbf90558a1234757",
                                "passes": 0,
                                "fails": 58,
                                "name": "MonteCarlo relay ok",
                                "path": "::relay_MonteCarlo::MonteCarlo relay ok"
                            }
                        },
                    "name": "relay_MonteCarlo",
                    "path": "::relay_MonteCarlo",
                    "id": "463f30ea0fa8c29621dc3b12ed590cbd"
                },
                "relay_Geospatial": {
                    "name": "relay_Geospatial",
                    "path": "::relay_Geospatial",
                    "id": "65687095441089d06e99284df5d27ef2",
                    "groups": {},