{
    "root_group": {
        "name": "",
        "path": "",
        "id": "d41d8cd98f00b204e9800998ecf8427e",
        "groups": {},
        "checks": {
                "WebSocket connected": {
                    "name": "WebSocket connected",
                    "path": "::WebSocket connected",
                    "id": "3224ab6204f13fde193cdaa3d1d1c30e",
                    "passes": 311,
                    "fails": 1
                },
                "JOIN roundtrip received": {
                    "id": "104205380794711919f7ea0a03684824",
                    "passes": 311,
                    "fails": 1,
                    "name": "JOIN roundtrip received",
                    "path": "::JOIN roundtrip received"
                }
            }
    },
    "metrics": {
        "ws_connections": {
            "count": 311,
            "rate": 2.439075051751316
        },
        "ws_join_roundtrip_ms": {
            "avg": 46.0096463022508,
            "min": 36,
            "med": 45,
            "max": 83,
            "p(90)": 50,
            "p(95)": 53.5,
            "thresholds": {
                "p(95)<3000": false
            }
        },
        "vus": {
            "max": 50,
            "value": 1,
            "min": 1
        },
        "iteration_duration": {
            "med": 9581.4187145,
            "max": 31002.325128,
            "p(90)": 9590.743223,
            "p(95)": 9593.7833991,
            "avg": 9651.433428439099,
            "min": 9566.499192
        },
        "http_req_duration{expected_response:true}": {
            "avg": 63.23849181818182,
            "min": 44.754279,
            "med": 47.508276,
            "max": 148.354472,
            "p(90)": 124.264359,
            "p(95)": 136.3094155
        },
        "http_req_waiting": {
            "avg": 62.86442227272726,
            "min": 44.494328,
            "med": 46.722826,
            "max": 147.979975,
            "p(90)": 123.722677,
            "p(95)": 135.851326
        },
        "http_req_connecting": {
            "avg": 3.1769267272727273,
            "min": 0,
            "med": 0,
            "max": 34.946194,
            "p(90)": 0,
            "p(95)": 17.473097
        },
        "ws_sessions": {
            "rate": 2.4469177368051787,
            "count": 312
        },
        "checks": {
            "passes": 622,
            "fails": 2,
            "value": 0.9967948717948718
        },
        "http_req_failed": {
            "passes": 0,
            "fails": 11,
            "value": 0
        },
        "data_received": {
            "count": 1083198,
            "rate": 8495.180764974026
        },
        "ws_msgs_sent": {
            "count": 1555,
            "rate": 12.19537525875658
        },
        "http_req_receiving": {
            "min": 0.125587,
            "med": 0.237252,
            "max": 0.742326,
            "p(90)": 0.418514,
            "p(95)": 0.58042,
            "avg": 0.3054329090909091
        },
        "ws_msgs_received": {
            "count": 3840,
            "rate": 30.115910606832966
        },
        "ws_messages_received": {
            "count": 3218,
            "rate": 25.237760503330335
        },
        "http_reqs": {
            "count": 11,
            "rate": 0.08626953559249027
        },
        "http_req_duration": {
            "p(95)": 136.3094155,
            "avg": 63.23849181818182,
            "min": 44.754279,
            "med": 47.508276,
            "max": 148.354472,
            "p(90)": 124.264359
        },
        "ws_connecting": {
            "avg": 175.68139336217953,
            "min": 63.780189,
            "med": 78.396891,
            "max": 30000.974513,
            "p(90)": 87.62974720000001,
            "p(95)": 90.95642425
        },
        "http_req_sending": {
            "min": 0.034411,
            "med": 0.045963,
            "max": 0.21557,
            "p(90)": 0.089138,
            "p(95)": 0.152354,
            "avg": 0.06863663636363637
        },
        "ws_session_duration": {
            "avg": 8650.532582403852,
            "min": 8565.634612,
            "med": 8580.4989485,
            "max": 30001.073489,
            "p(90)": 8589.7506738,
            "p(95)": 8593.015907
        },
        "ws_errors": {
            "count": 1,
            "rate": 0.007842685053862751
        },
        "http_req_tls_handshaking": {
            "max": 0,
            "p(90)": 0,
            "p(95)": 0,
            "avg": 0,
            "min": 0,
            "med": 0
        },
        "vus_max": {
            "min": 50,
            "max": 50,
            "value": 50
        },
        "iterations": {
            "count": 312,
            "rate": 2.4469177368051787
        },
        "data_sent": {
            "count": 277540,
            "rate": 2176.6588098490683
        },
        "ws_connect_ms": {
            "avg": 121.2572347266881,
            "min": 100,
            "med": 119,
            "max": 339,
            "p(90)": 129,
            "p(95)": 135,
            "thresholds": {
                "p(95)<5000": false
            }
        },
        "http_req_blocked": {
            "min": 0.006418,
            "med": 0.010395,
            "max": 35.12056,
            "p(90)": 0.018532,
            "p(95)": 17.569546,
            "avg": 3.2021035454545452
        }
    },
    "setup_data": {
        "sessions": [
            {
                "appName": "Calculator",
                "sessionId": "aec6bb66-0121-4657-8209-a7f6c5deb700"
            },
            {
                "sessionId": "3af2ea8f-2c85-4473-9e23-062c02a36e19",
                "appName": "Analytics"
            },
            {
                "appName": "Advanced",
                "sessionId": "3dd77ffe-6a79-4e44-9f65-3b76e2990c32"
            },
            {
                "appName": "DataExchange",
                "sessionId": "47da7a12-5ec8-4249-8a2b-59ad5fcf33a2"
            },
            {
                "appName": "MonteCarlo",
                "sessionId": "2b654340-da42-4f4d-a75e-a3ef8d041ffd"
            },
            {
                "appName": "Geospatial",
                "sessionId": "710fc212-28e8-4ba0-bf49-7adf773cc957"
            },
            {
                "appName": "ClimateAnomaly",
                "sessionId": "fe6b1518-597f-46d9-8f82-10a6ed959d9e"
            },
            {
                "appName": "MLTrainer",
                "sessionId": "315f4867-ef13-43af-83a8-aa1f25842838"
            }
        ]
    }
}