{
    "metrics": {
        "http_reqs": {
            "count": 4305,
            "rate": 11.980691591789629
        },
        "http_req_failed": {
            "fails": 4122,
            "passes": 183,
            "value": 0.04250871080139373
        },
        "vus": {
            "value": 1,
            "min": 0,
            "max": 100
        },
        "http_req_tls_handshaking": {
            "avg": 0,
            "min": 0,
            "med": 0,
            "max": 0,
            "p(90)": 0,
            "p(95)": 0
        },
        "http_req_receiving": {
            "min": 0,
            "med": 0.168136,
            "max": 201.130157,
            "p(90)": 94.278867,
            "p(95)": 109.20671039999999,
            "avg": 14.752253591405372
        },
        "iteration_duration": {
            "med": 22204.154876,
            "max": 103786.912741,
            "p(90)": 58318.92991640003,
            "p(95)": 69246.9977335,
            "avg": 26558.354846217262,
            "min": 1507.879621
        },
        "http_req_duration{expected_response:true}": {
            "max": 52323.54649,
            "p(90)": 9999.648772200002,
            "p(95)": 13219.727390549991,
            "avg": 3485.3389948102845,
            "min": 34.550437,
            "med": 1403.4454985
        },
        "http_req_blocked": {
            "max": 49.549297,
            "p(90)": 0.016080599999999994,
            "p(95)": 0.021320199999999977,
            "avg": 1.0529716954703825,
            "min": 0.001102,
            "med": 0.008374
        },
        "throughput_response_ms": {
            "avg": 4122.034274994765,
            "min": 34.550437,
            "med": 1520.751542,
            "max": 60001.614796,
            "p(90)": 11306.4706748,
            "p(95)": 15841.656010399991
        },
        "http_req_sending": {
            "max": 0.60118,
            "p(90)": 0.061079,
            "p(95)": 0.07024939999999999,
            "avg": 0.03876407247386771,
            "min": 0.004147,
            "med": 0.033944
        },
        "vus_max": {
            "value": 100,
            "min": 100,
            "max": 100
        },
        "group_duration": {
            "avg": 26057.583748935336,
            "min": 1006.968762,
            "med": 21703.231501,
            "max": 103286.60182,
            "p(90)": 57818.20111460003,
            "p(95)": 68746.67243589999
        },
        "http_req_duration": {
            "p(90)": 10450.7409168,
            "p(95)": 13919.1582238,
            "avg": 3742.9241128018593,
            "min": 34.550437,
            "med": 1428.65857,
            "max": 60001.614796,
            "thresholds": {
                "p(95)<15000": false
            }
        },
        "throughput_ops": {
            "count": 3057,
            "rate": 8.507543367270824
        },
        "iterations": {
            "count": 603,
            "rate": 1.6781317142506729
        },
        "http_req_connecting": {
            "avg": 1.0406178822299652,
            "min": 0,
            "med": 0,
            "max": 49.484943,
            "p(90)": 0,
            "p(95)": 0
        },
        "http_req_waiting": {
            "avg": 3728.133095137977,
            "min": 34.423532,
            "med": 1421.573052,
            "max": 60001.558081,
            "p(90)": 10450.553648199999,
            "p(95)": 13877.941027799996
        },
        "data_received": {
            "count": 90417734,
            "rate": 251629.96178454618
        },
        "throughput_errors": {
            "fails": 2874,
            "passes": 183,
            "thresholds": {
                "rate<0.3": false
            },
            "value": 0.05986261040235525
        },
        "data_sent": {
            "count": 1365649,
            "rate": 3800.5620189630467
        },
        "checks": {
            "passes": 508,
            "fails": 95,
            "value": 0.8424543946932007
        }
    },
    "setup_data": {},
    "root_group": {
            "checks": {},
            "name": "",
            "path": "",
            "id": "d41d8cd98f00b204e9800998ecf8427e",
            "groups": {
                    "throughput_MonteCarlo": {
                        "name": "throughput_MonteCarlo",
                        "path": "::throughput_MonteCarlo",
                        "id": "f04e2f1a3fca26bd9007ad9af2d2023b",
                        "groups": {},
                        "checks": {
                                "MonteCarlo full workflow ok": {
                                    "name": "MonteCarlo full workflow ok",
                                    "path": "::throughput_MonteCarlo::MonteCarlo full workflow ok",
                                    "id": "98975e1507675a4cbb79e56d0d2b5cf5",
                                    "passes": 78,
                                    "fails": 0
                                }
                            }
                    },
                    "throughput_Geospatial": {
                        "name": "throughput_Geospatial",
                        "path": "::throughput_Geospatial",
                        "id": "63c685fc46d2e9b6626a8e44c9a4df05",
                        "groups": {},
                        "checks": {
                                "Geospatial full workflow ok": {
                                    "fails": 0,
                                    "name": "Geospatial full workflow ok",
                                    "path": "::throughput_Geospatial::Geospatial full workflow ok",
                                    "id": "f50927de0fbee407f161249e5c26d695",
                                    "passes": 80
                                }
                            }
                    },
                    "throughput_Calculator": {
                        "checks": {
                            "Calculator full workflow ok": {
                                "passes": 74,
                                "fails": 0,
                                "name": "Calculator full workflow ok",
                                "path": "::throughput_Calculator::Calculator full workflow ok",
                                "id": "fdd40cca60301cde279c9621adbce53e"
                            }
                        },
                        "name": "throughput_Calculator",
                        "path": "::throughput_Calculator",
                        "id": "e541ed0bdd8a90190c9e76650b7d39f7",
                        "groups": {}
                    },
                    "throughput_ClimateAnomaly": {
                        "name": "throughput_ClimateAnomaly",
                        "path": "::throughput_ClimateAnomaly",
                        "id": "69780d842b3fe11219390d164f89a746",
                        "groups": {},
                        "checks": {
                                "ClimateAnomaly full workflow ok": {
                                    "passes": 0,
                                    "fails": 77,
                                    "name": "ClimateAnomaly full workflow ok",
                                    "path": "::throughput_ClimateAnomaly::ClimateAnomaly full workflow ok",
                                    "id": "7156d9c0183721a3bb8d61954c143114"
                                }
                            }
                    },
                    "throughput_Analytics": {
                        "checks": {
                            "Analytics full workflow ok": {
                                "name": "Analytics full workflow ok",
                                "path": "::throughput_Analytics::Analytics full workflow ok",
                                "id": "72a8542d437539ce2547ea8ca66363d4",
                                "passes": 73,
                                "fails": 0
                            }
                        },
                        "name": "throughput_Analytics",