{
    "metrics": {
        "iterations": {
            "rate": 1.167206577007415,
            "count": 419
        },
        "http_req_sending": {
            "avg": 0.033068549861068275,
            "min": 0.005278,
            "med": 0.02576,
            "max": 3.572175,
            "p(90)": 0.050621000000000006,
            "p(95)": 0.0680978
        },
        "http_req_waiting": {
            "med": 3890.419625,
            "max": 49288.123464,
            "p(90)": 11701.3315042,
            "p(95)": 14648.392531899999,
            "avg": 5230.54204346557,
            "min": 1.745441
        },
        "data_sent": {
            "count": 1061341,
            "rate": 2956.5732593022117
        },
        "checks": {
            "passes": 419,
            "fails": 0,
            "value": 1
        },
        "throughput_ops": {
            "rate": 6.345815232512867,
            "count": 2278
        },
        "http_req_duration": {
            "avg": 5231.779446479777,
            "min": 1.803539,
            "med": 3890.607619,
            "max": 49288.27917,
            "p(90)": 11701.4719656,
            "p(95)": 14648.4705144,
            "thresholds": {
                "p(95)<15000": false
            }
        },
        "http_reqs": {
            "rate": 9.022868980732737,
            "count": 3239
        },
        "http_req_receiving": {
            "med": 0.114985,
            "max": 221.263848,
            "p(90)": 3.3299014000000025,
            "p(95)": 6.061176399999997,
            "avg": 1.2043344643408451,
            "min": 0.017177
        },
        "data_received": {
            "count": 221847094,
            "rate": 617998.5374863538
        },
        "http_req_blocked": {
            "min": 0.001212,
            "med": 0.005618,
            "max": 3.177669,
            "p(90)": 0.009346200000000002,
            "p(95)": 0.016233999999999964,
            "avg": 0.020576281877122567
        },
        "http_req_connecting": {
            "p(90)": 0,
            "p(95)": 0,
            "avg": 0.011180526088298856,
            "min": 0,
            "med": 0,
            "max": 3.024236
        },
        "vus": {
            "value": 1,
            "min": 0,
            "max": 100
        },
        "iteration_duration": {
            "avg": 34986.149170181394,
            "min": 1729.634317,
            "med": 30796.648068,
            "max": 101841.294748,
            "p(90)": 67089.05843019999,
            "p(95)": 72103.90581959998
        },
        "group_duration": {
            "med": 30295.434294,
            "max": 101340.289509,
            "p(90)": 66588.5959604,
            "p(95)": 71603.70843919998,
            "avg": 34485.38578199048,
            "min": 1228.572654
        },
        "http_req_tls_handshaking": {
            "min": 0,
            "med": 0,
            "max": 0,
            "p(90)": 0,
            "p(95)": 0,
            "avg": 0
        },
        "throughput_errors": {
            "passes": 0,
            "fails": 2278,
            "thresholds": {
                "rate<0.3": false
            },
            "value": 0
        },
        "http_req_failed": {
            "passes": 0,
            "fails": 3239,
            "value": 0
        },
        "http_req_duration{expected_response:true}": {
            "min": 1.803539,
            "med": 3890.607619,
            "max": 49288.27917,
            "p(90)": 11701.4719656,
            "p(95)": 14648.4705144,
            "avg": 5231.779446479777
        },
        "vus_max": {
            "value": 100,
            "min": 100,
            "max": 100
        },
        "throughput_response_ms": {
            "avg": 5768.981892790614,
            "min": 1.803539,
            "med": 4516.558902,
            "max": 49288.27917,
            "p(90)": 12848.363018100003,
            "p(95)": 15603.45370055
        }
    },
    "setup_data": {},
    "root_group": {
            "name": "",
            "path": "",
            "id": "d41d8cd98f00b204e9800998ecf8427e",
            "groups": {
                "throughput_Analytics": {
                    "name": "throughput_Analytics",
                    "path": "::throughput_Analytics",
                    "id": "3ff673b47d2f7e4d3bdf6195409f951c",
                    "groups": {},
                    "checks": {
                            "Analytics full workflow ok": {
                                "name": "Analytics full workflow ok",
                                "path": "::throughput_Analytics::Analytics full workflow ok",
                                "id": "72a8542d437539ce2547ea8ca66363d4",
                                "passes": 50,
                                "fails": 0
                            }
                        }
                },
                "throughput_Advanced": {
                    "id": "31eef5a61c8a0f42cd5672e169ee06c8",
                    "groups": {},
                    "checks": {
                            "Advanced full workflow ok": {
                                "fails": 0,
                                "name": "Advanced full workflow ok",
                                "path": "::throughput_Advanced::Advanced full workflow ok",
                                "id": "64237a28342c8406527d5ddcb9a257d7",
                                "passes": 51
                            }
                        },
                    "name": "throughput_Advanced",
                    "path": "::throughput_Advanced"
                },
                "throughput_DataExchange": {
                    "name": "throughput_DataExchange",
                    "path": "::throughput_DataExchange",
                    "id": "8032107da15699666da5995ab7df0ed2",
                    "groups": {},
                    "checks": {
                            "DataExchange full workflow ok": {
                                "name": "DataExchange full workflow ok",
                                "path": "::throughput_DataExchange::DataExchange full workflow ok",
                                "id": "5f599826aa28df19ef571e9c081bcf68",
                                "passes": 53,
                                "fails": 0
                            }
                        }
                },
                "throughput_MonteCarlo": {
                    "name": "throughput_MonteCarlo",
                    "path": "::throughput_MonteCarlo",
                    "id": "f04e2f1a3fca26bd9007ad9af2d2023b",
                    "groups": {},
                    "checks": {
                            "MonteCarlo full workflow ok": {
                                "path": "::throughput_MonteCarlo::MonteCarlo full workflow ok",
                                "id": "98975e1507675a4cbb79e56d0d2b5cf5",
                                "passes": 54,
                                "fails": 0,
                                "name": "MonteCarlo full workflow ok"
                            }
                        }
                },
                "throughput_Geospatial": {
                    "name": "throughput_Geospatial",
                    "path": "::throughput_Geospatial",
                    "id": "63c685fc46d2e9b6626a8e44c9a4df05",
                    "groups": {},
                    "checks": {
                            "Geospatial full workflow ok": {
                                "fails": 0,
                                "name": "Geospatial full workflow ok",
                                "path": "::throughput_Geospatial::Geospatial full workflow ok",
                                "id": "f50927de0fbee407f161249e5c26d695",
                                "passes": 57
                            }
                        }
                },
                "throughput_ClimateAnomaly": {
                    "id": "69780d842b3fe11219390d164f89a746",
                    "groups": {},