{
    "metrics": {
        "iterations": {
            "rate": 0.7361490858019387,
            "count": 190
        },
        "lifecycle_ops": {
            "count": 2154,
            "rate": 8.3456059516704
        },
        "group_duration": {
            "avg": 35778.49468416317,
            "min": 2870.275662,
            "med": 28663.131898,
            "max": 133195.470243,
            "p(90)": 69264.0986548,
            "p(95)": 112931.06905029994
        },
        "http_req_blocked": {
            "p(90)": 0.009164,
            "p(95)": 0.011309999999999983,
            "avg": 0.014448222265625029,
            "min": 0.001753,
            "med": 0.005608,
            "max": 0.876667
        },
        "iteration_duration": {
            "p(90)": 69764.5437266,
            "p(95)": 113431.74823204994,
            "avg": 36279.210088510525,
            "min": 3371.48322,
            "med": 29164.0694425,
            "max": 133695.933515
        },
        "data_received": {
            "count": 113161852,
            "rate": 438442.07314449624
        },
        "data_sent": {
            "count": 870897,
            "rate": 3374.2633177771104
        },
        "http_req_duration": {
            "min": 1.905113,
            "med": 1199.7678245,
            "max": 60000.603182,
            "p(90)": 6306.8151990999995,
            "p(95)": 8430.830009649999,
            "avg": 2795.6912068425795,
            "thresholds": {
                "p(95)<15000": false
            }
        },
        "vus": {
            "value": 1,
            "min": 1,
            "max": 50
        },
        "lifecycle_op_ms": {
            "p(90)": 6490.952585500002,
            "p(95)": 8751.024944799994,
            "avg": 3039.6235623983284,
            "min": 1.905113,
            "med": 1345.3105759999999,
            "max": 60000.603182
        },
        "http_req_tls_handshaking": {
            "avg": 0,
            "min": 0,
            "med": 0,
            "max": 0,
            "p(90)": 0,
            "p(95)": 0
        },
        "http_req_sending": {
            "med": 0.026506000000000002,
            "max": 1.207558,
            "p(90)": 0.048915999999999994,
            "p(95)": 0.05801299999999997,
            "avg": 0.03102335234375006,
            "min": 0.006479
        },
        "http_req_receiving": {
            "max": 93.981777,
            "p(90)": 0.3427908999999995,
            "p(95)": 4.418148099999976,
            "avg": 0.7180274941406256,
            "min": 0,
            "med": 0.108559
        },
        "checks": {
            "passes": 190,
            "fails": 0,
            "value": 1
        },
        "http_req_duration{expected_response:true}": {
            "avg": 2773.336805914421,
            "min": 1.905113,
            "med": 1199.134922,
            "max": 59780.002079,
            "p(90)": 6291.179781200005,
            "p(95)": 8418.996831299999
        },
        "lifecycle_errors": {
            "passes": 1,
            "fails": 1752,
            "thresholds": {
                "rate<0.25": false
            },
            "value": 0.0005704506560182544
        },
        "http_reqs": {
            "count": 2560,
            "rate": 9.918640313962964
        },
        "http_req_connecting": {
            "avg": 0.006192942968750002,
            "min": 0,
            "med": 0,
            "max": 0.495049,
            "p(90)": 0,
            "p(95)": 0
        },
        "http_req_failed": {
            "fails": 2559,
            "passes": 1,
            "value": 0.000390625
        },
        "vus_max": {
            "value": 50,
            "min": 50,
            "max": 50
        },
        "http_req_waiting": {
            "min": 1.814455,
            "med": 1198.7487575,
            "max": 60000.575831,
            "p(90)": 6306.693355599999,
            "p(95)": 8430.67606425,
            "avg": 2794.942155996095
        }
    },
    "setup_data": {},
    "root_group": {
            "checks": {},
            "name": "",
            "path": "",
            "id": "d41d8cd98f00b204e9800998ecf8427e",
            "groups": {
                    "lifecycle_DataExchange": {
                        "groups": {},
                        "checks": {
                                "DataExchange lifecycle complete": {
                                    "name": "DataExchange lifecycle complete",
                                    "path": "::lifecycle_DataExchange::DataExchange lifecycle complete",
                                    "id": "2ff6233482d569c5e707ded5aa15e96e",
                                    "passes": 24,
                                    "fails": 0
                                }
                            },
                        "name": "lifecycle_DataExchange",
                        "path": "::lifecycle_DataExchange",
                        "id": "c5a22f376b0932307cce4e82a0911849"
                    },
                    "lifecycle_Analytics": {
                        "name": "lifecycle_Analytics",
                        "path": "::lifecycle_Analytics",
                        "id": "aa2d49cef65239905dea52fdf387772c",
                        "groups": {},
                        "checks": {
                                "Analytics lifecycle complete": {
                                    "fails": 0,
                                    "name": "Analytics lifecycle complete",
                                    "path": "::lifecycle_Analytics::Analytics lifecycle complete",
                                    "id": "d84941affc01c69b039d276a9ecb377b",
                                    "passes": 22
                                }
                            }
                    },
                    "lifecycle_MonteCarlo": {
                        "name": "lifecycle_MonteCarlo",
                        "path": "::lifecycle_MonteCarlo",
                        "id": "3e76de859a367dde6395ed48f105d767",
                        "groups": {},
                        "checks": {
                                "MonteCarlo lifecycle complete": {
                                    "name": "MonteCarlo lifecycle complete",
                                    "path": "::lifecycle_MonteCarlo::MonteCarlo lifecycle complete",
                                    "id": "a30dbecd95e7d44703accea518dc586a",
                                    "passes": 23,
                                    "fails": 0
                                }
                            }
                    },
                    "lifecycle_Advanced": {
                        "name": "lifecycle_Advanced",
                        "path": "::lifecycle_Advanced",
                        "id": "f333beeca5550e99727a7a3c46e312a9",
                        "groups": {},
                        "checks": {
                                "Advanced lifecycle complete": {
                                    "passes": 22,
                                    "fails": 0,
                                    "name": "Advanced lifecycle complete",
                                    "path": "::lifecycle_Advanced::Advanced lifecycle complete",
                                    "id": "519e5c19ae9eb2814ce4042d2a5d9a02"
                                }
                            }
                    },
                    "lifecycle_Geospatial": {
                        "groups": {},
                        "checks": {
                                "Geospatial lifecycle complete": {
                                    "id": "e7c95077ecc8a45dbada2c51e236546c",
                                    "passes": 26,
                                    "fails": 0,
                                    "name": "Geospatial lifecycle complete",
                                    "path": "::lifecycle_Geospatial::Geospatial lifecycle complete"
                                }
                            },