{
    "metrics": {
        "baseline_relay_ms": {
            "med": 4,
            "max": 44,
            "p(90)": 5,
            "p(95)": 6.200000000000003,
            "avg": 4.743589743589744,
            "min": 2
        },
        "http_req_tls_handshaking": {
            "avg": 0,
            "min": 0,
            "med": 0,
            "max": 0,
            "p(90)": 0,
            "p(95)": 0
        },
        "group_duration": {
            "p(95)": 27988.555595299906,
            "avg": 4792.550978199999,
            "min": 66.231207,
            "med": 98.2235845,
            "max": 65317.411947,
            "p(90)": 14401.264442000014
        },
        "http_req_blocked": {
            "min": 0.001823,
            "med": 0.0057535,
            "max": 0.652617,
            "p(90)": 0.0094823,
            "p(95)": 0.010614849999999997,
            "avg": 0.011023571942446039
        },
        "baseline_fail": {
            "count": 1,
            "rate": 0.0040332282339539055
        },
        "iterations": {
            "count": 1,
            "rate": 0.0040332282339539055
        },
        "data_sent": {
            "count": 100206,
            "rate": 404.1536684115851
        },
        "http_req_duration{expected_response:true}": {
            "p(95)": 65.43935839999997,
            "avg": 473.02810657400715,
            "min": 2.186269,
            "med": 7.46063,
            "max": 55922.529704,
            "p(90)": 29.746912000000002
        },
        "baseline_post_ms": {
            "p(95)": 27723.199999999917,
            "avg": 4293.975,
            "min": 9,
            "med": 14,
            "max": 60001,
            "p(90)": 13574.900000000003
        },
        "baseline_get_ms": {
            "p(95)": 7.200000000000003,
            "avg": 10.846153846153847,
            "min": 3,
            "med": 4,
            "max": 260,
            "p(90)": 5.200000000000003
        },
        "vus": {
            "max": 1,
            "value": 1,
            "min": 1
        },
        "baseline_total_ms": {
            "min": 66,
            "med": 97,
            "max": 65317,
            "p(90)": 2843.0000000000377,
            "p(95)": 23416.700000000004,
            "avg": 3376.5128205128203
        },
        "http_req_sending": {
            "avg": 0.03815026258992805,
            "min": 0.00667,
            "med": 0.0319135,
            "max": 0.221575,
            "p(90)": 0.06909890000000003,
            "p(95)": 0.08758514999999999
        },
        "data_received": {
            "count": 31287708,
            "rate": 126190.4672813055
        },
        "baseline_ok": {
            "count": 39,
            "rate": 0.15729590112420233
        },
        "iteration_duration": {
            "p(95)": 247828.156971,
            "avg": 247828.156971,
            "min": 247828.156971,
            "med": 247828.156971,
            "max": 247828.156971,
            "p(90)": 247828.156971
        },
        "http_req_failed": {
            "passes": 1,
            "fails": 277,
            "value": 0.0035971223021582736
        },
        "vus_max": {
            "value": 1,
            "min": 1,
            "max": 1
        },
        "http_reqs": {
            "count": 278,
            "rate": 1.1212374490391859
        },
        "http_req_duration": {
            "p(90)": 29.964465400000005,
            "p(95)": 67.72189424999989,
            "avg": 687.1553899208633,
            "min": 2.186269,
            "med": 7.467601,
            "max": 60000.412877
        },
        "http_req_connecting": {
            "min": 0,
            "med": 0,
            "max": 0.312533,
            "p(90)": 0,
            "p(95)": 0,
            "avg": 0.0026109676258992804
        },
        "http_req_receiving": {
            "med": 0.114463,
            "max": 37.516524,
            "p(90)": 6.797750200000001,
            "p(95)": 8.416554599999994,
            "avg": 1.3705683884892097,
            "min": 0
        },
        "baseline_save_ms": {
            "avg": 247.92307692307693,
            "min": 5,
            "med": 8,
            "max": 9267,
            "p(90)": 11.200000000000003,
            "p(95)": 21.300000000000118
        },
        "http_req_waiting": {
            "med": 7.353377,
            "max": 60000.356362,
            "p(90)": 22.294302700000003,
            "p(95)": 47.171354349999476,
            "avg": 685.7466712697841,
            "min": 2.058586
        },
        "baseline_restore_ms": {
            "max": 36,
            "p(90)": 7.200000000000003,
            "p(95)": 11.700000000000024,
            "avg": 6.794871794871795,
            "min": 3,
            "med": 6
        }
    },
    "setup_data": {},
    "root_group": {
            "name": "",
            "path": "",
            "id": "d41d8cd98f00b204e9800998ecf8427e",
            "groups": {
                "baseline_Calculator_rep0": {
                    "name": "baseline_Calculator_rep0",
                    "path": "::baseline_Calculator_rep0",
                    "id": "b7b6209ba7a9cb7e0b888daab97b6c35",
                    "groups": {},
                    "checks": {}
                },
                "baseline_Calculator_rep1": {
                    "path": "::baseline_Calculator_rep1",
                    "id": "caafa6ccf9deab0964c4401c1d29851b",
                    "groups": {},
                    "checks": {},
                    "name": "baseline_Calculator_rep1"
                },
                "baseline_Calculator_rep2": {
                    "name": "baseline_Calculator_rep2",
                    "path": "::baseline_Calculator_rep2",
                    "id": "34cb3a0effc0bc9cea23cf562776c9c9",
                    "groups": {},
                    "checks": {}
                },
                "baseline_Calculator_rep3": {
                    "name": "baseline_Calculator_rep3",
                    "path": "::baseline_Calculator_rep3",
                    "id": "ce7f4fa583653a3a1d2fd9cfc1b669f9",
                    "groups": {},
                    "checks": {}
                },
                "baseline_Calculator_rep4": {
                    "name": "baseline_Calculator_rep4",
                    "path": "::baseline_Calculator_rep4",
                    "id": "65226b84f5fa928fcef07cbf0e9c1398",
                    "groups": {},
                    "checks": {}
                },
                "baseline_Analytics_rep0": {
                    "checks": {},
                    "name": "baseline_Analytics_rep0",
                    "path": "::baseline_Analytics_rep0",
                    "id": "bf2ffe2896bb4e95b33633cafd3bd512",
                    "groups": {}
                },
                "baseline_Analytics_rep1": {
                    "id": "4ab845ed82abd84c5cc9b35ed04a79b0",
                    "groups": {},
                    "checks": {},
                    "name": "baseline_Analytics_rep1",
                    "path": "::baseline_Analytics_rep1"
                },
                "baseline_Analytics_rep2": {
                    "name": "baseline_Analytics_rep2",
                    "path": "::baseline_Analytics_rep2",
                    "id": "47e6ff600345d1ae48d9533ec5e9b70c",
                    "groups": {},
                    "checks": {}
                },
                "baseline_Analytics_rep3": {
                    "name": "baseline_Analytics_rep3",
                    "path": "::baseline_Analytics_rep3",
                    "id": "69b9dc5c5dd54f7368969323f7964665",
                    "groups": {},
                    "checks": {}
                },
                "baseline_Analytics_rep4": {
                    "path": "::baseline_Analytics_rep4",
                    "id": "fbb21b960c5df9a4cea90706bbfc5e2b",
                    "groups": {},
                    "checks": {},
                    "name": "baseline_Analytics_rep4"
                },