{
    "metrics": {
        "http_req_sending": {
            "avg": 0.03425619367715157,
            "min": 0.004959,
            "med": 0.028642,
            "max": 1.857347,
            "p(90)": 0.0510708,
            "p(95)": 0.05971859999999998
        },
        "dataloss_pct": {
            "med": 0,
            "max": 0,
            "p(90)": 0,
            "p(95)": 0,
            "avg": 0,
            "min": 0,
            "thresholds": {
                "p(95)<5": false
            }
        },
        "http_reqs": {
            "rate": 9.937959868910513,
            "count": 6263
        },
        "dataloss_sent": {
            "count": 2744,
            "rate": 4.354105361694147
        },
        "http_req_blocked": {
            "med": 0.00561,
            "max": 66.660748,
            "p(90)": 0.0114178,
            "p(95)": 0.013729399999999998,
            "avg": 0.5611546985470222,
            "min": 0.001243
        },
        "http_req_waiting": {
            "avg": 1356.4761971047417,
            "min": 33.005497,
            "med": 86.339393,
            "max": 60001.34153,
            "p(90)": 236.58526220000013,
            "p(95)": 595.3444832999996
        },
        "http_req_duration": {
            "med": 87.197543,
            "max": 60001.38448,
            "p(90)": 237.67103680000002,
            "p(95)": 595.5402768999998,
            "avg": 1358.9677647881203,
            "min": 33.08274
        },
        "checks": {
            "passes": 105,
            "fails": 0,
            "value": 1
        },
        "vus_max": {
            "value": 15,
            "min": 15,
            "max": 15
        },
        "group_duration": {
            "max": 24334.142965,
            "p(90)": 22573.207200000004,
            "p(95)": 23662.1947126,
            "avg": 11558.737261076189,
            "min": 7228.636247,
            "med": 9886.354699
        },
        "http_req_failed": {
            "passes": 533,
            "fails": 5730,
            "value": 0.08510298578955772
        },
        "data_sent": {
            "count": 2771887,
            "rate": 4398.3557028827645
        },
        "http_req_tls_handshaking": {
            "max": 0,
            "p(90)": 0,
            "p(95)": 0,
            "avg": 0,
            "min": 0,
            "med": 0
        },
        "http_req_receiving": {
            "p(95)": 0.34294829999999993,
            "avg": 2.457311489701418,
            "min": 0,
            "med": 0.095914,
            "max": 195.207154,
            "p(90)": 0.22811600000000004
        },
        "dataloss_received": {
            "count": 2700,
            "rate": 4.284287345690306
        },
        "vus": {
            "value": 15,
            "min": 15,
            "max": 15
        },
        "data_received": {
            "count": 33636408,
            "rate": 53373.34709217635
        },
        "http_req_connecting": {
            "med": 0,
            "max": 66.560103,
            "p(90)": 0,
            "p(95)": 0,
            "avg": 0.5529633491936772,
            "min": 0
        },
        "http_req_duration{expected_response:true}": {
            "avg": 631.3565494787084,
            "min": 33.08274,
            "med": 87.2427675,
            "max": 59854.001618,
            "p(90)": 214.57012830000016,
            "p(95)": 499.99670360000016
        }
    },
    "setup_data": {},
    "root_group": {
            "id": "d41d8cd98f00b204e9800998ecf8427e",
            "groups": {
                "dataloss_Calculator": {
                    "name": "dataloss_Calculator",
                    "path": "::dataloss_Calculator",
                    "id": "54dd1e3820159378e333cca3134a246b",
                    "groups": {},
                    "checks": {
                            "Calculator zero data loss": {
                                "passes": 15,
                                "fails": 0,
                                "name": "Calculator zero data loss",
                                "path": "::dataloss_Calculator::Calculator zero data loss",
                                "id": "637ee923d24926739061ccd01708ab0a"
                            }
                        }
                },
                "dataloss_Analytics": {
                    "name": "dataloss_Analytics",
                    "path": "::dataloss_Analytics",
                    "id": "a08bb261ca9635cd8e3523733e119ca3",
                    "groups": {},
                    "checks": {
                            "Analytics zero data loss": {
                                "name": "Analytics zero data loss",
                                "path": "::dataloss_Analytics::Analytics zero data loss",
                                "id": "fa97f28236b7e9365bb14036eeb302f8",
                                "passes": 15,
                                "fails": 0
                            }
                        }
                },
                "dataloss_Advanced": {
                    "name": "dataloss_Advanced",
                    "path": "::dataloss_Advanced",
                    "id": "eb4a88e77b6b8a91018d4e6798f35056",
                    "groups": {},
                    "checks": {
                            "Advanced zero data loss": {
                                "passes": 15,
                                "fails": 0,
                                "name": "Advanced zero data loss",
                                "path": "::dataloss_Advanced::Advanced zero data loss",
                                "id": "c3545bda829666c94303734767dedd8c"
                            }
                        }
                },
                "dataloss_DataExchange": {
                    "id": "944660eed6bb770b883c8d47c7332d48",
                    "groups": {},
                    "checks": {
                            "DataExchange zero data loss": {
                                "name": "DataExchange zero data loss",
                                "path": "::dataloss_DataExchange::DataExchange zero data loss",
                                "id": "96affe4494354f0e5109709ba97a289e",
                                "passes": 15,
                                "fails": 0
                            }
                        },
                    "name": "dataloss_DataExchange",
                    "path": "::dataloss_DataExchange"
                },
                "dataloss_MonteCarlo": {
                    "name": "dataloss_MonteCarlo",
                    "path": "::dataloss_MonteCarlo",
                    "id": "d2ccacf89f748ec10dd380ae4c20c9d5",
                    "groups": {},
                    "checks": {
                            "MonteCarlo zero data loss": {
                                "passes": 15,
                                "fails": 0,
                                "name": "MonteCarlo zero data loss",
                                "path": "::dataloss_MonteCarlo::MonteCarlo zero data loss",
                                "id": "ed59ecc3c60dbf946c34f03d4cb3f892"
                            }
                        }
                },
                "dataloss_Geospatial": {
                    "name": "dataloss_Geospatial",
                    "path": "::dataloss_Geospatial",
                    "id": "cc0be419e63c1234db98505eba7c6a6b",
                    "groups": {},
                    "checks": {
                            "Geospatial zero data loss": {
                                "fails": 0,
                                "name": "Geospatial zero data loss",
                                "path": "::dataloss_Geospatial::Geospatial zero data loss",
                                "id": "62a9c066b15b65bcc87eba77a86c3d28",
                                "passes": 15
                            }
                        }
                },