{
    "metrics": {
        "lifecycle_ops": {
            "count": 2646,
            "rate": 10.200044573505531
        },
        "http_req_duration{expected_response:true}": {
            "avg": 1959.9885517816892,
            "min": 36.717718,
            "med": 1201.790966,
            "max": 54323.193992,
            "p(90)": 4007.1282592000002,
            "p(95)": 6171.807616599998
        },
        "vus_max": {
            "value": 50,
            "min": 50,
            "max": 50
        },
        "http_req_sending": {
            "avg": 0.03775792707006366,
            "min": 0.005262,
            "med": 0.032739000000000004,
            "max": 0.65704,
            "p(90)": 0.0611965,
            "p(95)": 0.06778024999999997
        },
        "data_received": {
            "count": 90026467,
            "rate": 347042.3190458144
        },
        "http_req_blocked": {
            "avg": 0.6824845668789771,
            "min": 0.001229,
            "med": 0.007409000000000001,
            "max": 48.606887,
            "p(90)": 0.015462299999999998,
            "p(95)": 0.018729199999999988
        },
        "http_req_connecting": {
            "med": 0,
            "max": 48.119559,
            "p(90)": 0,
            "p(95)": 0,
            "avg": 0.6708419824840766,
            "min": 0
        },
        "data_sent": {
            "rate": 4040.5051850792984,
            "count": 1048150
        },
        "iteration_duration": {
            "max": 119219.320751,
            "p(90)": 48131.16445060002,
            "p(95)": 90780.60719029995,
            "avg": 28604.64633477732,
            "min": 2965.953709,
            "med": 27284.118921
        },
        "http_req_failed": {
            "passes": 103,
            "fails": 3037,
            "value": 0.03280254777070064
        },
        "lifecycle_op_ms": {
            "avg": 2273.8315040869206,
            "min": 36.813088,
            "med": 1270.8546735,
            "max": 60000.899231,
            "p(90)": 4423.2688044999995,
            "p(95)": 6555.67923975
        },
        "checks": {
            "passes": 238,
            "fails": 0,
            "value": 1
        },
        "http_req_duration": {
            "min": 36.717718,
            "med": 1196.6964954999999,
            "max": 60000.899231,
            "p(90)": 4167.8379035,
            "p(95)": 6368.881266249999,
            "avg": 2130.5146394468115,
            "thresholds": {
                "p(95)<15000": false
            }
        },
        "http_req_waiting": {
            "med": 1176.5788075,
            "max": 60000.784266,
            "p(90)": 4146.844521299999,
            "p(95)": 6358.127329049998,
            "avg": 2116.9226687162436,
            "min": 36.501784
        },
        "http_reqs": {
            "count": 3140,
            "rate": 12.104361285263556
        },
        "http_req_tls_handshaking": {
            "max": 0,
            "p(90)": 0,
            "p(95)": 0,
            "avg": 0,
            "min": 0,
            "med": 0
        },
        "group_duration": {
            "avg": 28103.91604886133,
            "min": 2465.621684,
            "med": 26783.4756735,
            "max": 118718.50677,
            "p(90)": 47630.811750300025,
            "p(95)": 90280.21641184995
        },
        "vus": {
            "value": 1,
            "min": 1,
            "max": 50
        },
        "iterations": {
            "count": 238,
            "rate": 0.9174643267174287
        },
        "lifecycle_errors": {
            "passes": 103,
            "fails": 2051,
            "thresholds": {
                "rate<0.25": false
            },
            "value": 0.04781801299907149
        },
        "http_req_receiving": {
            "avg": 13.554212803503257,
            "min": 0,
            "med": 0.1431115,
            "max": 905.434457,
            "p(90)": 0.5819663999999999,
            "p(95)": 141.63078594999996
        }
    },
    "setup_data": {},
    "root_group": {
            "name": "",
            "path": "",
            "id": "d41d8cd98f00b204e9800998ecf8427e",
            "groups": {
                "lifecycle_Analytics": {
                    "name": "lifecycle_Analytics",
                    "path": "::lifecycle_Analytics",
                    "id": "aa2d49cef65239905dea52fdf387772c",
                    "groups": {},
                    "checks": {
                            "Analytics lifecycle complete": {
                                "passes": 30,
                                "fails": 0,
                                "name": "Analytics lifecycle complete",
                                "path": "::lifecycle_Analytics::Analytics lifecycle complete",
                                "id": "d84941affc01c69b039d276a9ecb377b"
                            }
                        }
                },
                "lifecycle_Calculator": {
                    "checks": {
                        "Calculator lifecycle complete": {
                            "name": "Calculator lifecycle complete",
                            "path": "::lifecycle_Calculator::Calculator lifecycle complete",
                            "id": "d01a20b3d997ac33b94196f1df2d7ede",
                            "passes": 26,
                            "fails": 0
                        }
                    },
                    "name": "lifecycle_Calculator",
                    "path": "::lifecycle_Calculator",
                    "id": "1aebeac53f8742b3b63e7fd9064653cf",
                    "groups": {}
                },
                "lifecycle_MonteCarlo": {
                    "groups": {},
                    "checks": {
                            "MonteCarlo lifecycle complete": {
                                "name": "MonteCarlo lifecycle complete",
                                "path": "::lifecycle_MonteCarlo::MonteCarlo lifecycle complete",
                                "id": "a30dbecd95e7d44703accea518dc586a",
                                "passes": 31,
                                "fails": 0
                            }
                        },
                    "name": "lifecycle_MonteCarlo",
                    "path": "::lifecycle_MonteCarlo",
                    "id": "3e76de859a367dde6395ed48f105d767"
                },
                "lifecycle_Advanced": {
                    "name": "lifecycle_Advanced",
                    "path": "::lifecycle_Advanced",
                    "id": "f333beeca5550e99727a7a3c46e312a9",
                    "groups": {},
                    "checks": {
                            "Advanced lifecycle complete": {
                                "id": "519e5c19ae9eb2814ce4042d2a5d9a02",
                                "passes": 33,
                                "fails": 0,
                                "name": "Advanced lifecycle complete",
                                "path": "::lifecycle_Advanced::Advanced lifecycle complete"
                            }
                        }
                },
                "lifecycle_Geospatial": {
                    "path": "::lifecycle_Geospatial",
                    "id": "223c63f88b36785743b66f7e21d6448b",
                    "groups": {},
                    "checks": {
                            "Geospatial lifecycle complete": {
                                "id": "e7c95077ecc8a45dbada2c51e236546c",
                                "passes": 33,
                                "fails": 0,
                                "name": "Geospatial lifecycle complete",
                                "path": "::lifecycle_Geospatial::Geospatial lifecycle complete"
                            }
                        },
                    "name": "lifecycle_Geospatial"
                },
                "lifecycle_DataExchange": {
                    "name": "lifecycle_DataExchange",
                    "path": "::lifecycle_DataExchange",