{
    "metrics": {
        "http_req_duration": {
            "avg": 2805.2001540465385,
            "min": 32.736343,
            "med": 55.385989,
            "max": 60001.456708,
            "p(90)": 8837.257879500003,
            "p(95)": 18929.89660019995
        },
        "http_req_blocked": {
            "med": 0.0070865,
            "max": 53.591979,
            "p(90)": 0.0193379,
            "p(95)": 0.026104949999999974,
            "avg": 1.5567774512986998,
            "min": 0.001856
        },
        "relay_total_ms": {
            "avg": 2260.156,
            "min": 75,
            "med": 140,
            "max": 50597,
            "p(90)": 522.4,
            "p(95)": 13734.25,
            "thresholds": {
                "p(95)<10000": true
            }
        },
        "iterations": {
            "count": 28,
            "rate": 0.103616286518401
        },
        "http_req_connecting": {
            "med": 0,
            "max": 53.463634,
            "p(90)": 0,
            "p(95)": 0,
            "avg": 1.541530050865801,
            "min": 0
        },
        "http_reqs": {
            "count": 924,
            "rate": 3.4193374551072333
        },
        "http_req_tls_handshaking": {
            "avg": 0,
            "min": 0,
            "med": 0,
            "max": 0,
            "p(90)": 0,
            "p(95)": 0
        },
        "vus_max": {
            "value": 20,
            "min": 20,
            "max": 20
        },
        "relay_failure": {
            "rate": 0.21463373635954494,
            "count": 58
        },
        "http_req_sending": {
            "avg": 0.04349216017316025,
            "min": 0.007412,
            "med": 0.030205,
            "max": 0.978312,
            "p(90)": 0.08316130000000004,
            "p(95)": 0.10767879999999996
        },
        "relay_post_ms": {
            "avg": 4877.843648208469,
            "min": 40,
            "med": 89,
            "max": 60002,
            "p(90)": 13137.400000000016,
            "p(95)": 60000.7
        },
        "iteration_duration": {
            "avg": 65162.051112678586,
            "min": 17884.080514,
            "med": 65279.915284,
            "max": 120747.073364,
            "p(90)": 95340.8968287,
            "p(95)": 105020.9641687
        },
        "data_sent": {
            "count": 361930,
            "rate": 1339.3515207001742
        },
        "relay_poll_ms": {
            "p(90)": 178.1,
            "p(95)": 265.49999999999983,
            "avg": 907.624,
            "min": 33,
            "med": 44,
            "max": 39433
        },
        "data_received": {
            "count": 1027365,
            "rate": 3801.8480785348947
        },
        "checks": {
            "passes": 250,
            "fails": 0,
            "value": 1
        },
        "http_req_waiting": {
            "med": 55.206669000000005,
            "max": 60001.409502,
            "p(90)": 8837.063831100002,
            "p(95)": 18929.77454994995,
            "avg": 2804.9537763160156,
            "min": 32.627248
        },
        "vus": {
            "value": 2,
            "min": 1,
            "max": 20
        },
        "group_duration": {
            "p(90)": 31186.074833600072,
            "p(95)": 60046.1425022,
            "avg": 7052.941159130297,
            "min": 85.095507,
            "med": 220.960651,
            "max": 73475.939013
        },
        "http_req_failed": {
            "passes": 59,
            "fails": 865,
            "thresholds": {
                "rate<0.15": false
            },
            "value": 0.06385281385281386
        },
        "http_req_duration{expected_response:true}": {
            "med": 54.995191,
            "max": 50551.772114,
            "p(90)": 1976.876685800006,
            "p(95)": 12901.99249599999,
            "avg": 1520.1332204254336,
            "min": 32.736343
        },
        "http_req_receiving": {
            "avg": 0.20288557034632057,
            "min": 0,
            "med": 0.1030485,
            "max": 22.549882,
            "p(90)": 0.3578022,
            "p(95)": 0.503370549999999
        },
        "relay_success": {
            "count": 250,
            "rate": 0.9251454153428662
        }
    },
    "setup_data": {},
    "root_group": {
            "path": "",
            "id": "d41d8cd98f00b204e9800998ecf8427e",
            "groups": {
                "relay_Calculator": {
                    "name": "relay_Calculator",
                    "path": "::relay_Calculator",
                    "id": "b15cd39a80d15b7ac5e8d41fe8bed8e1",
                    "groups": {},
                    "checks": {
                            "Calculator relay ok": {
                                "passes": 40,
                                "fails": 0,
                                "name": "Calculator relay ok",
                                "path": "::relay_Calculator::Calculator relay ok",
                                "id": "0f42443778d6525f08544e9da519a1bb"
                            }
                        }
                },
                "relay_Analytics": {
                    "name": "relay_Analytics",
                    "path": "::relay_Analytics",
                    "id": "3f6e5c7330df17be5df28046122eaaf1",
                    "groups": {},
                    "checks": {
                            "Analytics relay ok": {
                                "passes": 41,
                                "fails": 0,
                                "name": "Analytics relay ok",
                                "path": "::relay_Analytics::Analytics relay ok",
                                "id": "b6e625cb0ee9bdce1473e69b610372f8"
                            }
                        }
                },
                "relay_Advanced": {
                    "path": "::relay_Advanced",
                    "id": "d2f8470bb6a73030e8afe1e5c458431b",
                    "groups": {},
                    "checks": {
                            "Advanced relay ok": {
                                "name": "Advanced relay ok",
                                "path": "::relay_Advanced::Advanced relay ok",
                                "id": "d6b88e362e0a8d9e535bd73ae67a4fec",
                                "passes": 41,
                                "fails": 0
                            }
                        },
                    "name": "relay_Advanced"
                },
                "relay_DataExchange": {
                    "name": "relay_DataExchange",
                    "path": "::relay_DataExchange",
                    "id": "2afc7dda5c4f3829b5f74104b74a6aae",
                    "groups": {},
                    "checks": {
                            "DataExchange relay ok": {
                                "path": "::relay_DataExchange::DataExchange relay ok",
                                "id": "84786cb0d2c8b60407a679cd1f3a2585",
                                "passes": 41,
                                "fails": 0,
                                "name": "DataExchange relay ok"
                            }
                        }
                },
                "relay_MonteCarlo": {
                    "path": "::relay_MonteCarlo",
                    "id": "463f30ea0fa8c29621dc3b12ed590cbd",
                    "groups": {},
                    "checks": {
                            "MonteCarlo relay ok": {
                                "name": "MonteCarlo relay ok",
                                "path": "::relay_MonteCarlo::MonteCarlo relay ok",
                                "id": "e47cf37d138bb3bcfbf90558a1234757",
                                "passes": 41,
                                "fails": 0
                            }
                        },
                    "name": "relay_MonteCarlo"
                },
                "relay_Geospatial": {
                    "name": "relay_Geospatial",