{
    "metrics": {
        "data_sent": {
            "count": 478943,
            "rate": 1614.794693745476
        },
        "data_received": {
            "count": 1371819,
            "rate": 4625.197658133066
        },
        "iterations": {
            "count": 41,
            "rate": 0.13823478460602728
        },
        "http_req_failed": {
            "passes": 65,
            "fails": 1163,
            "thresholds": {
                "rate<0.15": false
            },
            "value": 0.052931596091205214
        },
        "http_req_tls_handshaking": {
            "avg": 0,
            "min": 0,
            "med": 0,
            "max": 0,
            "p(90)": 0,
            "p(95)": 0
        },
        "iteration_duration": {
            "avg": 56524.51288929268,
            "min": 18466.666109,
            "med": 59760.255248,
            "max": 107388.520194,
            "p(90)": 79053.207506,
            "p(95)": 101682.331723
        },
        "vus_max": {
            "min": 20,
            "max": 20,
            "value": 20
        },
        "checks": {
            "passes": 344,
            "fails": 0,
            "value": 1
        },
        "http_reqs": {
            "count": 1228,
            "rate": 4.140300377956134
        },
        "relay_success": {
            "count": 344,
            "rate": 1.1598235586456922
        },
        "relay_poll_ms": {
            "min": 34,
            "med": 45,
            "max": 15095,
            "p(90)": 290.19999999999993,
            "p(95)": 3129,
            "avg": 526.1511627906976
        },
        "http_req_sending": {
            "avg": 0.043815250814332254,
            "min": 0.009697,
            "med": 0.038171,
            "max": 0.28758,
            "p(90)": 0.07021069999999999,
            "p(95)": 0.08468224999999985
        },
        "group_duration": {
            "p(90)": 22642.267307799997,
            "p(95)": 32979.21361119997,
            "avg": 5949.7783936185815,
            "min": 84.225227,
            "med": 271.948806,
            "max": 62151.700784
        },
        "relay_failure": {
            "count": 65,
            "rate": 0.21915270730223835
        },
        "relay_total_ms": {
            "p(90)": 11513.099999999999,
            "p(95)": 25409.999999999996,
            "avg": 3229.9273255813955,
            "min": 77,
            "med": 166.5,
            "max": 38713,
            "thresholds": {
                "p(95)<10000": true
            }
        },
        "http_req_blocked": {
            "min": 0.002089,
            "med": 0.0091095,
            "max": 48.838804,
            "p(90)": 0.0179036,
            "p(95)": 0.020315099999999982,
            "avg": 1.0306043705211725
        },
        "http_req_connecting": {
            "max": 48.781914,
            "p(90)": 0,
            "p(95)": 0,
            "avg": 1.0172271498371337,
            "min": 0,
            "med": 0
        },
        "http_req_receiving": {
            "p(90)": 0.3501852,
            "p(95)": 0.5486321499999972,
            "avg": 0.21199959446254074,
            "min": 0,
            "med": 0.153335,
            "max": 5.90266
        },
        "http_req_duration{expected_response:true}": {
            "avg": 1480.7259877033532,
            "min": 34.292315,
            "med": 56.994698,
            "max": 38593.039388,
            "p(90)": 3743.8839025999996,
            "p(95)": 8079.5139306
        },
        "relay_post_ms": {
            "p(95)": 27581.699999999997,
            "avg": 4523.019512195122,
            "min": 40,
            "med": 89.5,
            "max": 60002,
            "p(90)": 15535.50000000005
        },
        "vus": {
            "value": 1,
            "min": 0,
            "max": 20
        },
        "http_req_waiting": {
            "avg": 2128.942965618077,
            "min": 34.144199,
            "med": 56.8576845,
            "max": 60001.261086,
            "p(90)": 4836.4401814,
            "p(95)": 8384.112812399993
        },
        "http_req_duration": {
            "avg": 2129.1987804633545,
            "min": 34.292315,
            "med": 56.9913195,
            "max": 60001.322722,
            "p(90)": 4836.5982127,
            "p(95)": 8384.311670749994
        }
    },
    "setup_data": {},
    "root_group": {
            "path": "",
            "id": "d41d8cd98f00b204e9800998ecf8427e",
            "groups": {
                "relay_Calculator": {
                    "groups": {},
                    "checks": {
                            "Calculator relay ok": {
                                "name": "Calculator relay ok",
                                "path": "::relay_Calculator::Calculator relay ok",
                                "id": "0f42443778d6525f08544e9da519a1bb",
                                "passes": 53,
                                "fails": 0
                            }
                        },
                    "name": "relay_Calculator",
                    "path": "::relay_Calculator",
                    "id": "b15cd39a80d15b7ac5e8d41fe8bed8e1"
                },
                "relay_Analytics": {
                    "path": "::relay_Analytics",
                    "id": "3f6e5c7330df17be5df28046122eaaf1",
                    "groups": {},
                    "checks": {
                            "Analytics relay ok": {
                                "name": "Analytics relay ok",
                                "path": "::relay_Analytics::Analytics relay ok",
                                "id": "b6e625cb0ee9bdce1473e69b610372f8",
                                "passes": 53,
                                "fails": 0
                            }
                        },
                    "name": "relay_Analytics"
                },
                "relay_Advanced": {
                    "name": "relay_Advanced",
                    "path": "::relay_Advanced",
                    "id": "d2f8470bb6a73030e8afe1e5c458431b",
                    "groups": {},
                    "checks": {
                            "Advanced relay ok": {
                                "fails": 0,
                                "name": "Advanced relay ok",
                                "path": "::relay_Advanced::Advanced relay ok",
                                "id": "d6b88e362e0a8d9e535bd73ae67a4fec",
                                "passes": 53
                            }
                        }
                },
                "relay_DataExchange": {
                    "path": "::relay_DataExchange",
                    "id": "2afc7dda5c4f3829b5f74104b74a6aae",
                    "groups": {},
                    "checks": {
                            "DataExchange relay ok": {
                                "name": "DataExchange relay ok",
                                "path": "::relay_DataExchange::DataExchange relay ok",
                                "id": "84786cb0d2c8b60407a679cd1f3a2585",
                                "passes": 53,
                                "fails": 0
                            }
                        },
                    "name": "relay_DataExchange"
                },
                "relay_MonteCarlo": {
                    "checks": {
                        "MonteCarlo relay ok": {
                            "name": "MonteCarlo relay ok",
                            "path": "::relay_MonteCarlo::MonteCarlo relay ok",
                            "id": "e47cf37d138bb3bcfbf90558a1234757",
                            "passes": 53,
                            "fails": 0
                        }
                    },
                    "name": "relay_MonteCarlo",
                    "path": "::relay_MonteCarlo",
                    "id": "463f30ea0fa8c29621dc3b12ed590cbd",
                    "groups": {}
                },
                "relay_Geospatial": {
                    "name": "relay_Geospatial",