{
    "metrics": {
        "http_req_connecting": {
            "p(90)": 0,
            "p(95)": 0,
            "avg": 0.09232799673981192,
            "min": 0,
            "med": 0,
            "max": 41.966275
        },
        "iterations": {
            "count": 469,
            "rate": 1.927746953568709
        },
        "http_req_duration": {
            "max": 2292.670696,
            "p(90)": 107.1484356,
            "p(95)": 183.51657719999992,
            "avg": 79.89638973015667,
            "min": 34.977812,
            "med": 45.631741
        },
        "relay_total_ms": {
            "avg": 0,
            "min": 0,
            "med": 0,
            "max": 0,
            "p(90)": 0,
            "p(95)": 0,
            "thresholds": {
                "p(95)<10000": false
            }
        },
        "http_req_duration{expected_response:true}": {
            "p(90)": 157.61914280000005,
            "p(95)": 268.5112498999988,
            "avg": 99.01575591404186,
            "min": 35.447514,
            "med": 44.667171,
            "max": 2292.670696
        },
        "relay_failure": {
            "count": 3752,
            "rate": 15.421975628549673
        },
        "http_req_waiting": {
            "min": 34.774787,
            "med": 45.399576,
            "max": 2292.462051,
            "p(90)": 106.84929840000002,
            "p(95)": 183.0160110999999,
            "avg": 79.55756348288384
        },
        "http_req_sending": {
            "avg": 0.04371796175548582,
            "min": 0.008875,
            "med": 0.040311,
            "max": 3.187504,
            "p(90)": 0.0649364,
            "p(95)": 0.07100879999999997
        },
        "iteration_duration": {
            "p(90)": 6398.715149,
            "p(95)": 6821.410533599999,
            "avg": 5372.2450765010635,
            "min": 4802.865642,
            "med": 5083.099713,
            "max": 7368.764652
        },
        "http_reqs": {
            "count": 7975,
            "rate": 32.77991887997965
        },
        "http_req_blocked": {
            "p(95)": 0.0190089,
            "avg": 0.10326574608150503,
            "min": 0.00193,
            "med": 0.009621,
            "max": 42.105347,
            "p(90)": 0.0172192
        },
        "data_sent": {
            "count": 3316503,
            "rate": 13631.937216954126
        },
        "data_received": {
            "count": 7560865,
            "rate": 31077.685437301232
        },
        "relay_post_ms": {
            "med": 46,
            "max": 1268,
            "p(90)": 98,
            "p(95)": 104,
            "avg": 58.688699360341154,
            "min": 36
        },
        "http_req_receiving": {
            "avg": 0.2951082855172415,
            "min": 0.026445,
            "med": 0.159348,
            "max": 91.76354,
            "p(90)": 0.33395660000000016,
            "p(95)": 0.5601357999999995
        },
        "vus": {
            "value": 1,
            "min": 1,
            "max": 20
        },
        "vus_max": {
            "value": 20,
            "min": 20,
            "max": 20
        },
        "http_req_tls_handshaking": {
            "max": 0,
            "p(90)": 0,
            "p(95)": 0,
            "avg": 0,
            "min": 0,
            "med": 0
        },
        "group_duration": {
            "p(90)": 195.2832146,
            "p(95)": 229.99619669999987,
            "avg": 117.04137731796382,
            "min": 76.150528,
            "med": 90.75390949999999,
            "max": 1494.95412
        },
        "http_req_failed": {
            "passes": 3752,
            "fails": 4223,
            "thresholds": {
                "rate<0.15": true
            },
            "value": 0.4704702194357367
        }
    },
    "setup_data": {},
    "root_group": {
            "name": "",
            "path": "",
            "id": "d41d8cd98f00b204e9800998ecf8427e",
            "groups": {
                "relay_Calculator": {
                    "name": "relay_Calculator",
                    "path": "::relay_Calculator",
                    "id": "b15cd39a80d15b7ac5e8d41fe8bed8e1",
                    "groups": {},
                    "checks": {}
                },
                "relay_Analytics": {
                    "checks": {},
                    "name": "relay_Analytics",
                    "path": "::relay_Analytics",
                    "id": "3f6e5c7330df17be5df28046122eaaf1",
                    "groups": {}
                },
                "relay_Advanced": {
                    "checks": {},
                    "name": "relay_Advanced",
                    "path": "::relay_Advanced",
                    "id": "d2f8470bb6a73030e8afe1e5c458431b",
                    "groups": {}
                },
                "relay_DataExchange": {
                    "checks": {},
                    "name": "relay_DataExchange",
                    "path": "::relay_DataExchange",
                    "id": "2afc7dda5c4f3829b5f74104b74a6aae",
                    "groups": {}
                },
                "relay_MonteCarlo": {
                    "name": "relay_MonteCarlo",
                    "path": "::relay_MonteCarlo",
                    "id": "463f30ea0fa8c29621dc3b12ed590cbd",
                    "groups": {},
                    "checks": {}
                },
                "relay_Geospatial": {
                    "groups": {},
                    "checks": {},
                    "name": "relay_Geospatial",
                    "path": "::relay_Geospatial",
                    "id": "65687095441089d06e99284df5d27ef2"
                },
                "relay_ClimateAnomaly": {
                    "name": "relay_ClimateAnomaly",
                    "path": "::relay_ClimateAnomaly",
                    "id": "bb360df4b5424979ea868ace1b882d7e",
                    "groups": {},
                    "checks": {}
                },
                "relay_MLTrainer": {
                    "checks": {},
                    "name": "relay_MLTrainer",
                    "path": "::relay_MLTrainer",
                    "id": "dd4125415a9ee83ee19c6ec49c33bb87",
                    "groups": {}
                }
            },
            "checks": {}
        }
}