{
    "metrics": {
        "vus_max": {
            "value": 100,
            "min": 100,
            "max": 100
        },
        "http_req_duration": {
            "med": 19780.241855,
            "max": 60001.341517,
            "p(90)": 44702.593938200014,
            "p(95)": 51180.053159199924,
            "avg": 20382.82734787639,
            "min": 35.139254,
            "thresholds": {
                "p(95)<15000": true
            }
        },
        "http_req_blocked": {
            "min": 0.002616,
            "med": 0.009285,
            "max": 165.851459,
            "p(90)": 40.4715398,
            "p(95)": 42.4501232,
            "avg": 6.320111671199011
        },
        "http_req_tls_handshaking": {
            "med": 0,
            "max": 0,
            "p(90)": 0,
            "p(95)": 0,
            "avg": 0,
            "min": 0
        },
        "http_req_receiving": {
            "max": 463.14916,
            "p(90)": 0.3500530000000001,
            "p(95)": 0.6493845999999993,
            "avg": 7.1418411953028365,
            "min": 0,
            "med": 0.123806
        },
        "iteration_duration": {
            "avg": 90009.95189528071,
            "min": 8656.623537,
            "med": 93574.91224050001,
            "max": 208512.805475,
            "p(90)": 157550.91688750003,
            "p(95)": 187302.8662434
        },
        "http_reqs": {
            "rate": 1.2820848560566984,
            "count": 809
        },
        "data_sent": {
            "count": 268797,
            "rate": 425.9833906717829
        },
        "throughput_response_ms": {
            "med": 21307.045197,
            "max": 60001.341517,
            "p(90)": 48790.692808,
            "p(95)": 60000.233516,
            "avg": 21721.899755413717,
            "min": 35.139254
        },
        "http_req_connecting": {
            "avg": 6.292746996291719,
            "min": 0,
            "med": 0,
            "max": 165.686721,
            "p(90)": 40.3338816,
            "p(95)": 42.3240316
        },
        "http_req_waiting": {
            "max": 60001.327285,
            "p(90)": 44573.44800680002,
            "p(95)": 51057.89076179995,
            "avg": 20375.633001432638,
            "min": 35.021818,
            "med": 19780.00829
        },
        "data_received": {
            "count": 23038021,
            "rate": 36510.13329742422
        },
        "checks": {
            "passes": 44,
            "fails": 18,
            "value": 0.7096774193548387
        },
        "group_duration": {
            "p(90)": 157049.99352060002,
            "p(95)": 186802.32157415,
            "avg": 89509.13283733334,
            "min": 8155.55695,
            "med": 93074.25128699999,
            "max": 208012.350372
        },
        "http_req_failed": {
            "passes": 221,
            "fails": 588,
            "value": 0.273176761433869
        },
        "throughput_ops": {
            "count": 481,
            "rate": 0.7622778934033028
        },
        "http_req_duration{expected_response:true}": {
            "min": 35.139254,
            "med": 13471.3886685,
            "max": 55189.899606,
            "p(90)": 27144.556921600008,
            "p(95)": 36357.01856979999,
            "avg": 14796.043703338439
        },
        "vus": {
            "value": 1,
            "min": 0,
            "max": 100
        },
        "iterations": {
            "rate": 0.18066461506855824,
            "count": 114
        },
        "http_req_sending": {
            "min": 0.010282,
            "med": 0.039153,
            "max": 0.400848,
            "p(90)": 0.1056002,
            "p(95)": 0.14505779999999982,
            "avg": 0.052505248454882546
        },
        "throughput_errors": {
            "passes": 221,
            "fails": 312,
            "thresholds": {
                "rate<0.3": true
            },
            "value": 0.4146341463414634
        }
    },
    "setup_data": {},
    "root_group": {
            "checks": {},
            "name": "",
            "path": "",
            "id": "d41d8cd98f00b204e9800998ecf8427e",
            "groups": {
                    "throughput_Advanced": {
                        "name": "throughput_Advanced",
                        "path": "::throughput_Advanced",
                        "id": "31eef5a61c8a0f42cd5672e169ee06c8",
                        "groups": {},
                        "checks": {
                                "Advanced full workflow ok": {
                                    "fails": 1,
                                    "name": "Advanced full workflow ok",
                                    "path": "::throughput_Advanced::Advanced full workflow ok",
                                    "id": "64237a28342c8406527d5ddcb9a257d7",
                                    "passes": 8
                                }
                            }
                    },
                    "throughput_MonteCarlo": {
                        "groups": {},
                        "checks": {
                                "MonteCarlo full workflow ok": {
                                    "name": "MonteCarlo full workflow ok",
                                    "path": "::throughput_MonteCarlo::MonteCarlo full workflow ok",
                                    "id": "98975e1507675a4cbb79e56d0d2b5cf5",
                                    "passes": 7,
                                    "fails": 1
                                }
                            },
                        "name": "throughput_MonteCarlo",
                        "path": "::throughput_MonteCarlo",
                        "id": "f04e2f1a3fca26bd9007ad9af2d2023b"
                    },
                    "throughput_Geospatial": {
                        "id": "63c685fc46d2e9b6626a8e44c9a4df05",
                        "groups": {},
                        "checks": {
                                "Geospatial full workflow ok": {
                                    "name": "Geospatial full workflow ok",
                                    "path": "::throughput_Geospatial::Geospatial full workflow ok",
                                    "id": "f50927de0fbee407f161249e5c26d695",
                                    "passes": 6,
                                    "fails": 0
                                }
                            },
                        "name": "throughput_Geospatial",
                        "path": "::throughput_Geospatial"
                    },
                    "throughput_ClimateAnomaly": {
                        "checks": {
                            "ClimateAnomaly full workflow ok": {
                                "name": "ClimateAnomaly full workflow ok",
                                "path": "::throughput_ClimateAnomaly::ClimateAnomaly full workflow ok",
                                "id": "7156d9c0183721a3bb8d61954c143114",
                                "passes": 0,
                                "fails": 8
                            }
                        },
                        "name": "throughput_ClimateAnomaly",
                        "path": "::throughput_ClimateAnomaly",
                        "id": "69780d842b3fe11219390d164f89a746",
                        "groups": {}
                    },
                    "throughput_Analytics": {
                        "name": "throughput_Analytics",
                        "path": "::throughput_Analytics",
                        "id": "3ff673b47d2f7e4d3bdf6195409f951c",
                        "groups": {},
                        "checks": {
                                "Analytics full workflow ok": {
                                    "passes": 8,
                                    "fails": 0,
                                    "name": "Analytics full workflow ok",
                                    "path": "::throughput_Analytics::Analytics full workflow ok",