{
    "metrics": {
        "ws_msgs_sent": {
            "count": 1565,
            "rate": 12.031480360090052
        },
        "iterations": {
            "count": 313,
            "rate": 2.4062960720180104
        },
        "iteration_duration": {
            "avg": 9605.759081434511,
            "min": 9562.855067,
            "med": 9580.902925,
            "max": 14328.694603,
            "p(90)": 9588.480287,
            "p(95)": 9590.967641
        },
        "http_req_tls_handshaking": {
            "p(90)": 0,
            "p(95)": 0,
            "avg": 0,
            "min": 0,
            "med": 0,
            "max": 0
        },
        "data_received": {
            "rate": 8331.519542951406,
            "count": 1083726
        },
        "ws_sessions": {
            "count": 313,
            "rate": 2.4062960720180104
        },
        "http_req_failed": {
            "passes": 0,
            "fails": 11,
            "value": 0
        },
        "http_reqs": {
            "count": 11,
            "rate": 0.08456631563002592
        },
        "http_req_receiving": {
            "min": 0.116321,
            "med": 0.269349,
            "max": 1.073472,
            "p(90)": 0.787547,
            "p(95)": 0.9305095,
            "avg": 0.38038181818181815
        },
        "http_req_connecting": {
            "med": 0,
            "max": 42.063113,
            "p(90)": 0,
            "p(95)": 21.0315565,
            "avg": 3.8239193636363638,
            "min": 0
        },
        "http_req_sending": {
            "p(95)": 0.12788850000000002,
            "avg": 0.05793900000000001,
            "min": 0.029598,
            "med": 0.042877,
            "max": 0.1675,
            "p(90)": 0.088277
        },
        "ws_messages_received": {
            "count": 3217,
            "rate": 24.73180339834485
        },
        "ws_session_duration": {
            "p(90)": 8587.812807600001,
            "p(95)": 8590.1298052,
            "avg": 8604.790796031944,
            "min": 8561.735311,
            "med": 8579.828468,
            "max": 13327.005554
        },
        "ws_join_roundtrip_ms": {
            "med": 45,
            "max": 114,
            "p(90)": 49,
            "p(95)": 50,
            "avg": 45.546325878594246,
            "min": 36,
            "thresholds": {
                "p(95)<3000": false
            }
        },
        "http_req_waiting": {
            "avg": 61.16222318181817,
            "min": 40.304676,
            "med": 45.282684,
            "max": 137.216256,
            "p(90)": 133.7831,
            "p(95)": 135.499678
        },
        "ws_connections": {
            "rate": 2.4062960720180104,
            "count": 313
        },
        "ws_connect_ms": {
            "min": 99,
            "med": 116,
            "max": 4925,
            "p(90)": 127,
            "p(95)": 130,
            "avg": 141.8626198083067,
            "thresholds": {
                "p(95)<5000": false
            }
        },
        "ws_connecting": {
            "p(95)": 87.8759188,
            "avg": 102.67354903194888,
            "min": 59.851161,
            "med": 77.852291,
            "max": 4824.164972,
            "p(90)": 85.696787
        },
        "http_req_duration": {
            "max": 137.573882,
            "p(90)": 134.240205,
            "p(95)": 135.9070435,
            "avg": 61.600544000000006,
            "min": 40.482681,
            "med": 45.492773
        },
        "http_req_duration{expected_response:true}": {
            "min": 40.482681,
            "med": 45.492773,
            "max": 137.573882,
            "p(90)": 134.240205,
            "p(95)": 135.9070435,
            "avg": 61.600544000000006
        },
        "http_req_blocked": {
            "avg": 3.843923272727274,
            "min": 0.005645,
            "med": 0.011282,
            "max": 42.176943,
            "p(90)": 0.023584,
            "p(95)": 21.1002635
        },
        "data_sent": {
            "count": 279309,
            "rate": 2147.284822936992
        },
        "vus_max": {
            "value": 50,
            "min": 50,
            "max": 50
        },
        "checks": {
            "passes": 626,
            "fails": 0,
            "value": 1
        },
        "vus": {
            "value": 2,
            "min": 1,
            "max": 50
        },
        "ws_msgs_received": {
            "count": 3843,
            "rate": 29.544395542380872
        }
    },
    "setup_data": {
        "sessions": [
            {
                "appName": "Calculator",
                "sessionId": "1261e673-180b-4d7c-b6ec-0af45ff7e9f6"
            },
            {
                "appName": "Analytics",
                "sessionId": "ac031bba-dba4-40ee-9ff2-f79c6ae8db64"
            },
            {
                "appName": "Advanced",
                "sessionId": "b1c45703-c648-4db9-b888-cdd30d3187e2"
            },
            {
                "appName": "DataExchange",
                "sessionId": "4bae2e88-68e3-4d0d-922a-c572115dabab"
            },
            {
                "appName": "MonteCarlo",
                "sessionId": "188530a5-9a7f-4f7d-8ae6-9036e71d9c77"
            },
            {
                "appName": "Geospatial",
                "sessionId": "801e55b6-45d7-41db-aa13-270f7fa783e5"
            },
            {
                "appName": "ClimateAnomaly",
                "sessionId": "4cb90d22-5060-41b4-86db-77db0bba4b77"
            },
            {
                "appName": "MLTrainer",
                "sessionId": "accea49b-ef49-44fe-a745-9a2b42d85f70"
            }
        ]
    },
    "root_group": {
        "name": "",
        "path": "",
        "id": "d41d8cd98f00b204e9800998ecf8427e",
        "groups": {},
        "checks": {
                "WebSocket connected": {
                    "path": "::WebSocket connected",
                    "id": "3224ab6204f13fde193cdaa3d1d1c30e",
                    "passes": 313,
                    "fails": 0,
                    "name": "WebSocket connected"
                },
                "JOIN roundtrip received": {
                    "passes": 313,
                    "fails": 0,
                    "name": "JOIN roundtrip received",
                    "path": "::JOIN roundtrip received",
                    "id": "104205380794711919f7ea0a03684824"
                }
            }
    }
}