{
    "root_group": {
        "path": "",
        "id": "d41d8cd98f00b204e9800998ecf8427e",
        "groups": {},
        "checks": {
                "WebSocket connected": {
                    "passes": 309,
                    "fails": 3,
                    "name": "WebSocket connected",
                    "path": "::WebSocket connected",
                    "id": "3224ab6204f13fde193cdaa3d1d1c30e"
                },
                "JOIN roundtrip received": {
                    "name": "JOIN roundtrip received",
                    "path": "::JOIN roundtrip received",
                    "id": "104205380794711919f7ea0a03684824",
                    "passes": 309,
                    "fails": 3
                }
            },
        "name": ""
    },
    "metrics": {
        "ws_msgs_sent": {
            "count": 1545,
            "rate": 11.196974158298143
        },
        "ws_messages_received": {
            "count": 3169,
            "rate": 22.9664796813248
        },
        "ws_connect_ms": {
            "max": 139,
            "p(90)": 124,
            "p(95)": 127,
            "avg": 115.59223300970874,
            "min": 97,
            "med": 115,
            "thresholds": {
                "p(95)<5000": false
            }
        },
        "http_req_tls_handshaking": {
            "p(90)": 0,
            "p(95)": 0,
            "avg": 0,
            "min": 0,
            "med": 0,
            "max": 0
        },
        "http_req_sending": {
            "avg": 0.06098354545454545,
            "min": 0.025347,
            "med": 0.034248,
            "max": 0.27709,
            "p(90)": 0.088606,
            "p(95)": 0.182848
        },
        "ws_join_roundtrip_ms": {
            "med": 47,
            "max": 63,
            "p(90)": 51,
            "p(95)": 52,
            "avg": 46.909385113268605,
            "min": 37,
            "thresholds": {
                "p(95)<3000": false
            }
        },
        "data_sent": {
            "count": 275767,
            "rate": 1998.5475551530121
        },
        "vus": {
            "value": 1,
            "min": 1,
            "max": 50
        },
        "vus_max": {
            "value": 50,
            "min": 50,
            "max": 50
        },
        "checks": {
            "passes": 618,
            "fails": 6,
            "value": 0.9903846153846154
        },
        "iteration_duration": {
            "avg": 9717.559538948559,
            "min": 9563.795689,
            "med": 9579.53411,
            "max": 31002.43998,
            "p(90)": 9586.793301,
            "p(95)": 9589.3015375
        },
        "http_req_waiting": {
            "p(90)": 119.371786,
            "p(95)": 160.0229045,
            "avg": 66.66975590909091,
            "min": 43.10769,
            "med": 46.496718,
            "max": 200.674023
        },
        "ws_sessions": {
            "count": 312,
            "rate": 2.261136529054382
        },
        "http_req_duration{expected_response:true}": {
            "avg": 66.92479463636364,
            "min": 43.387109,
            "med": 46.76611,
            "max": 201.127821,
            "p(90)": 119.675989,
            "p(95)": 160.401905
        },
        "iterations": {
            "count": 311,
            "rate": 2.253889296589464
        },
        "http_reqs": {
            "rate": 0.07971955711409681,
            "count": 11
        },
        "http_req_connecting": {
            "avg": 3.754979272727273,
            "min": 0,
            "med": 0,
            "max": 41.304772,
            "p(90)": 0,
            "p(95)": 20.652386
        },
        "data_received": {
            "count": 1069203,
            "rate": 7748.762693187605
        },
        "ws_connections": {
            "count": 309,
            "rate": 2.2393948316596286
        },
        "http_req_duration": {
            "avg": 66.92479463636364,
            "min": 43.387109,
            "med": 46.76611,
            "max": 201.127821,
            "p(90)": 119.675989,
            "p(95)": 160.401905
        },
        "ws_connecting": {
            "max": 30000.970158,
            "p(90)": 84.11156400000002,
            "p(95)": 86.18368745,
            "avg": 364.4623898557692,
            "min": 61.170356,
            "med": 76.43796900000001
        },
        "ws_errors": {
            "count": 3,
            "rate": 0.021741697394753675
        },
        "http_req_blocked": {
            "med": 0.008674,
            "max": 41.493278,
            "p(90)": 0.017611,
            "p(95)": 20.755444499999996,
            "avg": 3.7806123636363638,
            "min": 0.006007
        },
        "http_req_receiving": {
            "avg": 0.19405518181818182,
            "min": 0.12196,
            "med": 0.188931,
            "max": 0.278856,
            "p(90)": 0.248333,
            "p(95)": 0.2635945
        },
        "ws_session_duration": {
            "avg": 8784.863688733973,
            "min": 8562.895374,
            "med": 8578.6841815,
            "max": 30001.113816,
            "p(90)": 8586.0898041,
            "p(95)": 8588.600759300001
        },
        "http_req_failed": {
            "passes": 0,
            "fails": 11,
            "value": 0
        },
        "ws_msgs_received": {
            "count": 3787,
            "rate": 27.445269344644057
        }
    },
    "setup_data": {
        "sessions": [
            {
                "appName": "Calculator",
                "sessionId": "60a1a73a-8e03-4bd9-a5ec-64b2fe3bf118"
            },
            {
                "appName": "Analytics",
                "sessionId": "436680ea-ad31-4897-bab2-6fb9fe55beab"
            },
            {
                "sessionId": "fb4ac627-e81b-45be-b68b-3e6b37fb9f96",
                "appName": "Advanced"
            },
            {
                "appName": "DataExchange",
                "sessionId": "3bb605b5-6c5f-4638-a65e-9c51688d3ce0"
            },
            {
                "appName": "MonteCarlo",
                "sessionId": "867c2e56-d908-473a-bf81-4d6a769bb29d"
            },
            {
                "appName": "Geospatial",
                "sessionId": "8e1e69c3-afef-4701-8b9c-ed1a1d0ad676"
            },
            {
                "appName": "ClimateAnomaly",
                "sessionId": "04dca6c9-c154-4425-b3dc-75445ad38c7c"
            },
            {
                "sessionId": "e7662b49-7c4f-4da6-b70c-dda4e190f42c",
                "appName": "MLTrainer"
            }
        ]
    }
}