{
    "metrics": {
        "http_req_duration": {
            "avg": 260.0675686077738,
            "min": 1.602786,
            "med": 6.587068,
            "max": 14393.971452,
            "p(90)": 26.396283200000003,
            "p(95)": 34.87847719999999
        },
        "http_req_blocked": {
            "min": 0.001853,
            "med": 0.005679,
            "max": 0.612556,
            "p(90)": 0.009508,
            "p(95)": 0.010705999999999997,
            "avg": 0.009773657243816248
        },
        "group_duration": {
            "p(90)": 13092.2446946,
            "p(95)": 14304.44587305,
            "avg": 1854.8373698749997,
            "min": 50.895596,
            "med": 86.673963,
            "max": 14470.664636
        },
        "vus": {
            "value": 1,
            "min": 1,
            "max": 1
        },
        "baseline_total_ms": {
            "p(90)": 13092.400000000001,
            "p(95)": 14304.15,
            "avg": 1854.675,
            "min": 51,
            "med": 86.5,
            "max": 14471
        },
        "baseline_ok": {
            "count": 40,
            "rate": 0.3067460981095732
        },
        "http_req_sending": {
            "avg": 0.033593939929328645,
            "min": 0.005468,
            "med": 0.029916,
            "max": 0.172901,
            "p(90)": 0.057351,
            "p(95)": 0.07041769999999996
        },
        "http_req_receiving": {
            "avg": 1.1939050706713792,
            "min": 0.027101,
            "med": 0.109206,
            "max": 29.556465,
            "p(90)": 5.7637818,
            "p(95)": 8.454440399999992
        },
        "baseline_post_ms": {
            "avg": 1785.425,
            "min": 8,
            "med": 13.5,
            "max": 14394,
            "p(90)": 13013.400000000001,
            "p(95)": 14242.699999999999
        },
        "iteration_duration": {
            "p(90)": 130320.04203,
            "p(95)": 130320.04203,
            "avg": 130320.04203,
            "min": 130320.04203,
            "med": 130320.04203,
            "max": 130320.04203
        },
        "baseline_restore_ms": {
            "avg": 5.375,
            "min": 3,
            "med": 5,
            "max": 8,
            "p(90)": 7,
            "p(95)": 7.049999999999997
        },
        "vus_max": {
            "max": 1,
            "value": 1,
            "min": 1
        },
        "http_req_duration{expected_response:true}": {
            "avg": 260.0675686077738,
            "min": 1.602786,
            "med": 6.587068,
            "max": 14393.971452,
            "p(90)": 26.396283200000003,
            "p(95)": 34.87847719999999
        },
        "http_req_connecting": {
            "min": 0,
            "med": 0,
            "max": 0.406906,
            "p(90)": 0,
            "p(95)": 0,
            "avg": 0.00241022261484099
        },
        "http_req_tls_handshaking": {
            "min": 0,
            "med": 0,
            "max": 0,
            "p(90)": 0,
            "p(95)": 0,
            "avg": 0
        },
        "data_sent": {
            "rate": 781.0982642262172,
            "count": 101856
        },
        "data_received": {
            "count": 28949591,
            "rate": 222004.35202795046
        },
        "http_req_failed": {
            "passes": 0,
            "fails": 283,
            "value": 0
        },
        "http_req_waiting": {
            "min": 1.517086,
            "med": 6.461878,
            "max": 14393.767814,
            "p(90)": 18.748105400000007,
            "p(95)": 27.587415699999916,
            "avg": 258.84006959717317
        },
        "baseline_get_ms": {
            "med": 4,
            "max": 6,
            "p(90)": 5,
            "p(95)": 5.049999999999997,
            "avg": 3.775,
            "min": 2
        },
        "baseline_save_ms": {
            "med": 8,
            "max": 10,
            "p(90)": 9,
            "p(95)": 9.049999999999997,
            "avg": 7.25,
            "min": 4
        },
        "http_reqs": {
            "rate": 2.1702286441252308,
            "count": 283
        },
        "iterations": {
            "count": 1,
            "rate": 0.007668652452739331
        },
        "baseline_relay_ms": {
            "avg": 3.5,
            "min": 1,
            "med": 3,
            "max": 8,
            "p(90)": 5,
            "p(95)": 6
        }
    },
    "setup_data": {},
    "root_group": {
            "path": "",
            "id": "d41d8cd98f00b204e9800998ecf8427e",
            "groups": {
                "baseline_Calculator_rep0": {
                    "name": "baseline_Calculator_rep0",
                    "path": "::baseline_Calculator_rep0",
                    "id": "b7b6209ba7a9cb7e0b888daab97b6c35",
                    "groups": {},
                    "checks": {}
                },
                "baseline_Calculator_rep1": {
                    "name": "baseline_Calculator_rep1",
                    "path": "::baseline_Calculator_rep1",
                    "id": "caafa6ccf9deab0964c4401c1d29851b",
                    "groups": {},
                    "checks": {}
                },
                "baseline_Calculator_rep2": {
                    "path": "::baseline_Calculator_rep2",
                    "id": "34cb3a0effc0bc9cea23cf562776c9c9",
                    "groups": {},
                    "checks": {},
                    "name": "baseline_Calculator_rep2"
                },
                "baseline_Calculator_rep3": {
                    "checks": {},
                    "name": "baseline_Calculator_rep3",
                    "path": "::baseline_Calculator_rep3",
                    "id": "ce7f4fa583653a3a1d2fd9cfc1b669f9",
                    "groups": {}
                },
                "baseline_Calculator_rep4": {
                    "checks": {},
                    "name": "baseline_Calculator_rep4",
                    "path": "::baseline_Calculator_rep4",
                    "id": "65226b84f5fa928fcef07cbf0e9c1398",
                    "groups": {}
                },
                "baseline_Analytics_rep0": {
                    "name": "baseline_Analytics_rep0",
                    "path": "::baseline_Analytics_rep0",
                    "id": "bf2ffe2896bb4e95b33633cafd3bd512",
                    "groups": {},
                    "checks": {}
                },
                "baseline_Analytics_rep1": {
                    "name": "baseline_Analytics_rep1",
                    "path": "::baseline_Analytics_rep1",
                    "id": "4ab845ed82abd84c5cc9b35ed04a79b0",
                    "groups": {},
                    "checks": {}
                },
                "baseline_Analytics_rep2": {
                    "id": "47e6ff600345d1ae48d9533ec5e9b70c",
                    "groups": {},
                    "checks": {},
                    "name": "baseline_Analytics_rep2",
                    "path": "::baseline_Analytics_rep2"
                },
                "baseline_Analytics_rep3": {
                    "name": "baseline_Analytics_rep3",
                    "path": "::baseline_Analytics_rep3",
                    "id": "69b9dc5c5dd54f7368969323f7964665",
                    "groups": {},
                    "checks": {}
                },
                "baseline_Analytics_rep4": {
                    "name": "baseline_Analytics_rep4",
                    "path": "::baseline_Analytics_rep4",
                    "id": "fbb21b960c5df9a4cea90706bbfc5e2b",
                    "groups": {},
                    "checks": {}
                },
                "baseline_Advanced_rep0": {
                    "name": "baseline_Advanced_rep0",
                    "path": "::baseline_Advanced_rep0",
                    "id": "3e6510e801ab80fd023a494c533572b3",
                    "groups": {},
                    "checks": {}
                },