{
    "metrics": {
        "http_req_receiving": {
            "p(90)": 5.659821800000003,
            "p(95)": 6.856031849999999,
            "avg": 0.961651534883721,
            "min": 0.037087,
            "med": 0.1054795,
            "max": 11.252648
        },
        "http_req_failed": {
            "passes": 5,
            "fails": 253,
            "value": 0.01937984496124031
        },
        "baseline_total_ms": {
            "avg": 2027.7142857142858,
            "min": 58,
            "med": 85,
            "max": 14295,
            "p(90)": 13162.6,
            "p(95)": 13744.9
        },
        "http_req_duration{expected_response:true}": {
            "p(95)": 26.717837999999958,
            "avg": 279.0293777826088,
            "min": 1.717069,
            "med": 7.154856,
            "max": 14238.334427,
            "p(90)": 23.0866076
        },
        "baseline_relay_ms": {
            "avg": 3.914285714285714,
            "min": 2,
            "med": 4,
            "max": 5,
            "p(90)": 5,
            "p(95)": 5
        },
        "http_req_duration": {
            "avg": 273.9434742131784,
            "min": 1.717069,
            "med": 7.3742545,
            "max": 14238.334427,
            "p(90)": 23.060624100000002,
            "p(95)": 26.254694249999957
        },
        "http_req_tls_handshaking": {
            "avg": 0,
            "min": 0,
            "med": 0,
            "max": 0,
            "p(90)": 0,
            "p(95)": 0
        },
        "http_req_blocked": {
            "med": 0.0058395,
            "max": 0.701491,
            "p(90)": 0.009628300000000003,
            "p(95)": 0.011996999999999999,
            "avg": 0.010732910852713178,
            "min": 0.001813
        },
        "iteration_duration": {
            "med": 127230.669424,
            "max": 127230.669424,
            "p(90)": 127230.669424,
            "p(95)": 127230.669424,
            "avg": 127230.669424,
            "min": 127230.669424
        },
        "baseline_restore_ms": {
            "med": 6,
            "max": 8,
            "p(90)": 7,
            "p(95)": 7.299999999999997,
            "avg": 5.857142857142857,
            "min": 4
        },
        "http_reqs": {
            "count": 258,
            "rate": 2.025687435692359
        },
        "baseline_post_ms": {
            "avg": 1715.225,
            "min": 9,
            "med": 14,
            "max": 14239,
            "p(90)": 12930.6,
            "p(95)": 13569.099999999999
        },
        "vus_max": {
            "value": 1,
            "min": 1,
            "max": 1
        },
        "vus": {
            "value": 1,
            "min": 1,
            "max": 1
        },
        "http_req_sending": {
            "med": 0.0321685,
            "max": 0.207665,
            "p(90)": 0.05547300000000001,
            "p(95)": 0.06923964999999999,
            "avg": 0.03547033333333334,
            "min": 0.007882
        },
        "baseline_save_ms": {
            "p(90)": 10.600000000000001,
            "p(95)": 12.299999999999997,
            "avg": 9.314285714285715,
            "min": 5,
            "med": 8,
            "max": 51
        },
        "baseline_ok": {
            "count": 35,
            "rate": 0.27480255910555257
        },
        "data_received": {
            "count": 21559552,
            "rate": 169274.85893626383
        },
        "http_req_connecting": {
            "p(90)": 0,
            "p(95)": 0,
            "avg": 0.0024281666666666666,
            "min": 0,
            "med": 0,
            "max": 0.351171
        },
        "baseline_get_ms": {
            "max": 9,
            "p(90)": 5.600000000000001,
            "p(95)": 6,
            "avg": 4.085714285714285,
            "min": 2,
            "med": 4
        },
        "http_req_waiting": {
            "p(95)": 21.997336849999982,
            "avg": 272.9463523449612,
            "min": 1.661684,
            "med": 7.267748,
            "max": 14238.196389,
            "p(90)": 16.530918800000002
        },
        "iterations": {
            "count": 1,
            "rate": 0.007851501688730073
        },
        "baseline_fail": {
            "count": 5,
            "rate": 0.03925750844365037
        },
        "group_duration": {
            "avg": 1777.5076290749998,
            "min": 21.442147,
            "med": 84.3080465,
            "max": 14294.33475,
            "p(90)": 13002.3888155,
            "p(95)": 13641.721099049999
        },
        "data_sent": {
            "count": 93553,
            "rate": 734.5315374857646
        }
    },
    "setup_data": {},
    "root_group": {
            "checks": {},
            "name": "",
            "path": "",
            "id": "d41d8cd98f00b204e9800998ecf8427e",
            "groups": {
                    "baseline_Calculator_rep0": {
                        "name": "baseline_Calculator_rep0",
                        "path": "::baseline_Calculator_rep0",
                        "id": "b7b6209ba7a9cb7e0b888daab97b6c35",
                        "groups": {},
                        "checks": {}
                    },
                    "baseline_Calculator_rep1": {
                        "name": "baseline_Calculator_rep1",
                        "path": "::baseline_Calculator_rep1",
                        "id": "caafa6ccf9deab0964c4401c1d29851b",
                        "groups": {},
                        "checks": {}
                    },
                    "baseline_Calculator_rep2": {
                        "name": "baseline_Calculator_rep2",
                        "path": "::baseline_Calculator_rep2",
                        "id": "34cb3a0effc0bc9cea23cf562776c9c9",
                        "groups": {},
                        "checks": {}
                    },
                    "baseline_Calculator_rep3": {
                        "checks": {},
                        "name": "baseline_Calculator_rep3",
                        "path": "::baseline_Calculator_rep3",
                        "id": "ce7f4fa583653a3a1d2fd9cfc1b669f9",
                        "groups": {}
                    },
                    "baseline_Calculator_rep4": {
                        "id": "65226b84f5fa928fcef07cbf0e9c1398",
                        "groups": {},
                        "checks": {},
                        "name": "baseline_Calculator_rep4",
                        "path": "::baseline_Calculator_rep4"
                    },
                    "baseline_Analytics_rep0": {
                        "path": "::baseline_Analytics_rep0",
                        "id": "bf2ffe2896bb4e95b33633cafd3bd512",
                        "groups": {},
                        "checks": {},
                        "name": "baseline_Analytics_rep0"
                    },
                    "baseline_Analytics_rep1": {
                        "id": "4ab845ed82abd84c5cc9b35ed04a79b0",
                        "groups": {},
                        "checks": {},
                        "name": "baseline_Analytics_rep1",
                        "path": "::baseline_Analytics_rep1"
                    },
                    "baseline_Analytics_rep2": {
                        "path": "::baseline_Analytics_rep2",
                        "id": "47e6ff600345d1ae48d9533ec5e9b70c",
                        "groups": {},
                        "checks": {},
                        "name": "baseline_Analytics_rep2"
                    },
                    "baseline_Analytics_rep3": {
                        "path": "::baseline_Analytics_rep3",
                        "id": "69b9dc5c5dd54f7368969323f7964665",
                        "groups": {},
                        "checks": {},
                        "name": "baseline_Analytics_rep3"
                    },
                    "baseline_Analytics_rep4": {
                        "name": "baseline_Analytics_rep4",