{
    "metrics": {
        "http_req_duration{expected_response:true}": {
            "min": 28.529387,
            "med": 38.978413,
            "max": 504.325413,
            "p(90)": 45.148085,
            "p(95)": 48.4077975,
            "avg": 41.152433521888206
        },
        "data_received": {
            "count": 4804926,
            "rate": 17993.88945778411
        },
        "relay_poll_ms": {
            "med": 49.5,
            "max": 12102,
            "p(90)": 11669.9,
            "p(95)": 11722.8,
            "avg": 5685.4314159292035,
            "min": 29
        },
        "http_req_duration": {
            "avg": 41.152433521888206,
            "min": 28.529387,
            "med": 38.978413,
            "max": 504.325413,
            "p(90)": 45.148085,
            "p(95)": 48.4077975
        },
        "http_req_blocked": {
            "avg": 0.08896515875036745,
            "min": 0.001875,
            "med": 0.010299,
            "max": 51.103408,
            "p(90)": 0.018321,
            "p(95)": 0.01971
        },
        "relay_total_ms": {
            "avg": 5729.095132743363,
            "min": 69,
            "med": 109,
            "max": 12143,
            "p(90)": 11713.9,
            "p(95)": 11768,
            "thresholds": {
                "p(95)<10000": true
            }
        },
        "group_duration": {
            "avg": 5774.881112754425,
            "min": 109.352132,
            "med": 181.0035555,
            "max": 12185.278509,
            "p(90)": 11761.64983,
            "p(95)": 11822.16682625
        },
        "relay_post_ms": {
            "min": 35,
            "med": 43,
            "max": 112,
            "p(90)": 48,
            "p(95)": 50,
            "avg": 43.58568329718004
        },
        "relay_failure": {
            "count": 220,
            "rate": 0.823874432345577
        },
        "iterations": {
            "count": 49,
            "rate": 0.18349930538606032
        },
        "checks": {
            "passes": 232,
            "fails": 220,
            "value": 0.5132743362831859
        },
        "iteration_duration": {
            "med": 51572.24868,
            "max": 52003.850414,
            "p(90)": 51863.8716332,
            "p(95)": 51912.2015482,
            "avg": 51593.81452414285,
            "min": 51210.814501
        },
        "http_req_failed": {
            "passes": 0,
            "fails": 10211,
            "thresholds": {
                "rate<0.15": false
            },
            "value": 0
        },
        "http_reqs": {
            "count": 10211,
            "rate": 38.23900831218494
        },
        "data_sent": {
            "count": 3314496,
            "rate": 12412.402320507661
        },
        "http_req_connecting": {
            "p(90)": 0,
            "p(95)": 0,
            "avg": 0.07687757271569876,
            "min": 0,
            "med": 0,
            "max": 50.973218
        },
        "http_req_waiting": {
            "avg": 40.99338627744589,
            "min": 28.463264,
            "med": 38.808576,
            "max": 503.908106,
            "p(90)": 44.93456,
            "p(95)": 48.1867315
        },
        "relay_success": {
            "count": 232,
            "rate": 0.8688130377462449
        },
        "vus": {
            "value": 1,
            "min": 1,
            "max": 20
        },
        "http_req_tls_handshaking": {
            "avg": 0,
            "min": 0,
            "med": 0,
            "max": 0,
            "p(90)": 0,
            "p(95)": 0
        },
        "vus_max": {
            "value": 20,
            "min": 20,
            "max": 20
        },
        "http_req_sending": {
            "p(90)": 0.054168,
            "p(95)": 0.0607175,
            "avg": 0.03672806424444234,
            "min": 0.006331,
            "med": 0.033463,
            "max": 1.977891
        },
        "http_req_receiving": {
            "max": 4.246954,
            "p(90)": 0.189711,
            "p(95)": 0.2107,
            "avg": 0.12231918019782612,
            "min": 0.014848,
            "med": 0.10636
        }
    },
    "setup_data": {},
    "root_group": {
            "path": "",
            "id": "d41d8cd98f00b204e9800998ecf8427e",
            "groups": {
                "relay_Calculator": {
                    "id": "b15cd39a80d15b7ac5e8d41fe8bed8e1",
                    "groups": {},
                    "checks": {
                            "Calculator relay ok": {
                                "name": "Calculator relay ok",
                                "path": "::relay_Calculator::Calculator relay ok",
                                "id": "0f42443778d6525f08544e9da519a1bb",
                                "passes": 58,
                                "fails": 0
                            }
                        },
                    "name": "relay_Calculator",
                    "path": "::relay_Calculator"
                },
                "relay_Analytics": {
                    "path": "::relay_Analytics",
                    "id": "3f6e5c7330df17be5df28046122eaaf1",
                    "groups": {},
                    "checks": {
                            "Analytics relay ok": {
                                "name": "Analytics relay ok",
                                "path": "::relay_Analytics::Analytics relay ok",
                                "id": "b6e625cb0ee9bdce1473e69b610372f8",
                                "passes": 0,
                                "fails": 58
                            }
                        },
                    "name": "relay_Analytics"
                },
                "relay_Advanced": {
                    "name": "relay_Advanced",
                    "path": "::relay_Advanced",
                    "id": "d2f8470bb6a73030e8afe1e5c458431b",
                    "groups": {},
                    "checks": {
                            "Advanced relay ok": {
                                "path": "::relay_Advanced::Advanced relay ok",
                                "id": "d6b88e362e0a8d9e535bd73ae67a4fec",
                                "passes": 58,
                                "fails": 0,
                                "name": "Advanced relay ok"
                            }
                        }
                },
                "relay_DataExchange": {
                    "name": "relay_DataExchange",
                    "path": "::relay_DataExchange",
                    "id": "2afc7dda5c4f3829b5f74104b74a6aae",
                    "groups": {},
                    "checks": {
                            "DataExchange relay ok": {
                                "path": "::relay_DataExchange::DataExchange relay ok",
                                "id": "84786cb0d2c8b60407a679cd1f3a2585",
                                "passes": 58,
                                "fails": 0,
                                "name": "DataExchange relay ok"
                            }
                        }
                },
                "relay_MonteCarlo": {
                    "id": "463f30ea0fa8c29621dc3b12ed590cbd",
                    "groups": {},
                    "checks": {
                            "MonteCarlo relay ok": {
                                "passes": 0,
                                "fails": 58,
                                "name": "MonteCarlo relay ok",
                                "path": "::relay_MonteCarlo::MonteCarlo relay ok",
                                "id": "e47cf37d138bb3bcfbf90558a1234757"
                            }
                        },
                    "name": "relay_MonteCarlo",
                    "path": "::relay_MonteCarlo"
                },
                "relay_Geospatial": {
                    "groups": {},